valeur;categorie;sousCategorie
La Chope de Fer;Auberges;Dvaergen
La Barbe Mousseuse;Auberges;Dvaergen
La Forge Qui Chante;Auberges;Dvaergen
Le Marteau Fêlé;Auberges;Dvaergen
Le Pic Givré;Auberges;Dvaergen
La Barrique Écarlate;Auberges;Dvaergen
La Gueule Noire;Auberges;Dvaergen
Le Fût du Mont;Auberges;Dvaergen
La Chope Inclinée;Auberges;Dvaergen
L’Enclume Rieuse;Auberges;Dvaergen
Le Piochon Sifflant;Auberges;Dvaergen
La Taverne de Bronze;Auberges;Dvaergen
Le Nain Grincheux;Auberges;Dvaergen
La Lame Tranchée;Auberges;Dvaergen
Le Mousseux de Forge;Auberges;Dvaergen
La Tête de Roc;Auberges;Dvaergen
La Hache et le Houblon;Auberges;Dvaergen
La Mousse Épaisse;Auberges;Dvaergen
La Pierre Qui Pète;Auberges;Dvaergen
Le Bock des Profondeurs;Auberges;Dvaergen
La Chope Fissurée;Auberges;Dvaergen
Le Clou Doré;Auberges;Dvaergen
Le Marteau du Soir;Auberges;Dvaergen
Le Mur qui Saoule;Auberges;Dvaergen
Le Fût Crevé;Auberges;Dvaergen
Le Gueuleton Souterrain;Auberges;Dvaergen
Le Caillou Mousseux;Auberges;Dvaergen
Le Saumon de Roche;Auberges;Dvaergen
Le Bock Gelé;Auberges;Dvaergen
La Houblonnière Naine;Auberges;Dvaergen
La Chopine Enchantée;Auberges;Dvaergen
Le Broc de Mithril;Auberges;Dvaergen
L’Auberge des Vingt-Tonneaux;Auberges;Dvaergen
Le Tonneau et la Tisonnière;Auberges;Dvaergen
La Cendre de Brassage;Auberges;Dvaergen
Le Pichet d'Argile;Auberges;Dvaergen
Le Roc Trinquant;Auberges;Dvaergen
La Gueule d'Orge;Auberges;Dvaergen
Le Fût Roulant;Auberges;Dvaergen
La Mine à Bière;Auberges;Dvaergen
Le Fourquet Fendu;Auberges;Dvaergen
La Roulotte de Pierres;Auberges;Dvaergen
Le Chant des Caves;Auberges;Dvaergen
La Pierre Moussue;Auberges;Dvaergen
La Cave de Barbe-Blanche;Auberges;Dvaergen
Le Tonnelet Rieur;Auberges;Dvaergen
Le Casque et la Chope;Auberges;Dvaergen
La Forge des Soiffards;Auberges;Dvaergen
La Buveuse Increvable;Auberges;Dvaergen
La Bouteille de Givre;Auberges;Dvaergen
La Braise Qui Saoule;Auberges;Dvaergen
Le Bock du Barbe-Grise;Auberges;Dvaergen
La Chopine du Forgeron;Auberges;Dvaergen
Le Tonneau de Crâne-Rond;Auberges;Dvaergen
Le Trou du Fût;Auberges;Dvaergen
La Table de Roche;Auberges;Dvaergen
La Gorge du Tonnerre;Auberges;Dvaergen
Le Bouclier à Mousse;Auberges;Dvaergen
Le Brasier Tonnant;Auberges;Dvaergen
La Truelle et la Bière;Auberges;Dvaergen
L’Enclume Éméchée;Auberges;Dvaergen
Le Marteau de Mousse;Auberges;Dvaergen
La Chope à Deux Mains;Auberges;Dvaergen
La Raclure de Cuve;Auberges;Dvaergen
La Caverne Liquide;Auberges;Dvaergen
Le Krug de Pierre;Auberges;Dvaergen
La Roche Blonde;Auberges;Dvaergen
Le Caveau d’Orge;Auberges;Dvaergen
La Muraille Mousseuse;Auberges;Dvaergen
Le Puits à Bière;Auberges;Dvaergen
La Halle au Malt;Auberges;Dvaergen
Le Bar de l’Ancêtre;Auberges;Dvaergen
Le Gobelet Oublié;Auberges;Dvaergen
Le Houblon de Karaz;Auberges;Dvaergen
La Taverne des Trois Enclumes;Auberges;Dvaergen
Le Fût de Kazgrim;Auberges;Dvaergen
La Marmite de Ferfût;Auberges;Dvaergen
La Gorge de Trolle;Auberges;Dvaergen
Le Chant des Tonneaux;Auberges;Dvaergen
Le Griffon Brassé;Auberges;Dvaergen
Le Blason Buvard;Auberges;Dvaergen
La Forge de Gueule-Tonneau;Auberges;Dvaergen
Le Dôme Mousseux;Auberges;Dvaergen
La Chope des Profondeurs;Auberges;Dvaergen
La Cantine des Vieux Rochers;Auberges;Dvaergen
Le Grog des Montagnes;Auberges;Dvaergen
Le Nain Cul-Sec;Auberges;Dvaergen
Le Bar de l’Éboulis;Auberges;Dvaergen
La Pinte de Roc;Auberges;Dvaergen
L’Âtre du Mineur;Auberges;Dvaergen
La Tourbe à Bière;Auberges;Dvaergen
La Mousse et l’Enclume;Auberges;Dvaergen
La Cave de Garde;Auberges;Dvaergen
Le Fût du Premier Roi;Auberges;Dvaergen
La Stèle Brune;Auberges;Dvaergen
Le Nain Saoul;Auberges;Dvaergen
Le Festin du Pic;Auberges;Dvaergen
La Gueule d’Argent;Auberges;Dvaergen
La Chaleur du Creuset;Auberges;Dvaergen
La Chopine de Forgebrume;Auberges;Dvaergen
La Feuille d’Argent;Auberges;Elfe
L’Auberge du Clairval;Auberges;Elfe
La Brise d’Émeraude;Auberges;Elfe
Le Ruisseau Chanteur;Auberges;Elfe
Le Pavillon de Lune;Auberges;Elfe
Le Rossignol Endormi;Auberges;Elfe
La Fleur Silencieuse;Auberges;Elfe
L’Éclat de Rosée;Auberges;Elfe
Le Bosquet des Voiles;Auberges;Elfe
Le Saule Veilleur;Auberges;Elfe
La Lueur d’Isil;Auberges;Elfe
La Branche d’Or;Auberges;Elfe
La Source Cristalline;Auberges;Elfe
Le Voile de Brume;Auberges;Elfe
L’Arbre aux Lanternes;Auberges;Elfe
La Tisane des Âges;Auberges;Elfe
Le Souffle des Pins;Auberges;Elfe
La Clé des Champs Verts;Auberges;Elfe
Le Repos des Flèches;Auberges;Elfe
Le Balcon des Lucioles;Auberges;Elfe
Le Cerf Blanc;Auberges;Elfe
L’Écorce et l’Encens;Auberges;Elfe
La Lande de Soie;Auberges;Elfe
L’Étoile Tardive;Auberges;Elfe
Le Feu de Nénuphar;Auberges;Elfe
L’ombre du Laurier;Auberges;Elfe
Le Chêne Endormi;Auberges;Elfe
La Goutte de Lune;Auberges;Elfe
La Maison du Vent Léger;Auberges;Elfe
Le Fil d’Or;Auberges;Elfe
La Ramure Bleue;Auberges;Elfe
L’Arche de Brume;Auberges;Elfe
L’Aubépine Céleste;Auberges;Elfe
La Rosée de l’Aube;Auberges;Elfe
Le Rêve du Hêtre;Auberges;Elfe
Le Repos du Voyageur Elfique;Auberges;Elfe
La Harpe des Hauteurs;Auberges;Elfe
Le Chardon Blanc;Auberges;Elfe
Le Lys de Minuit;Auberges;Elfe
Le Pont de Vigne;Auberges;Elfe
L’Écu de Bois;Auberges;Elfe
Le Sentier Oublié;Auberges;Elfe
La Graine d'Éclat;Auberges;Elfe
La Taverne du Sureau;Auberges;Elfe
Le Regard du Faon;Auberges;Elfe
Le Souvenir des Sylves;Auberges;Elfe
Le Nénuphar de Feu;Auberges;Elfe
Le Cantique du Soir;Auberges;Elfe
La Tente de Myr;Auberges;Elfe
La Forêt des Murmures;Auberges;Elfe
Le Dôme des Plumes;Auberges;Elfe
La Clarté des Racines;Auberges;Elfe
Le Bal des Lucioles;Auberges;Elfe
Le Sommeil des Brumes;Auberges;Elfe
Le Bois de Lune;Auberges;Elfe
La Table des Saisons;Auberges;Elfe
Le Chœur du Matin;Auberges;Elfe
La Noisette et le Nectar;Auberges;Elfe
L’Écho du Rossignol;Auberges;Elfe
L’Envol du Papillon;Auberges;Elfe
La Branche Fluide;Auberges;Elfe
L’Arc et la Feuille;Auberges;Elfe
L’Iris de Brume;Auberges;Elfe
La Coupe du Ruisseau;Auberges;Elfe
Le Baiser du Saule;Auberges;Elfe
L’Auberge du Vent-Tisane;Auberges;Elfe
Le Miroir de Nuala;Auberges;Elfe
Le Feu Follet Rieur;Auberges;Elfe
La Frondaison Dorée;Auberges;Elfe
La Voûte des Charmes;Auberges;Elfe
La Cime Rieuse;Auberges;Elfe
Le Thé de Galasthiel;Auberges;Elfe
Le Songe de Cendre;Auberges;Elfe
La Berceuse du Bosquet;Auberges;Elfe
La Gloriette des Âges;Auberges;Elfe
Le Vœu du Laurier;Auberges;Elfe
L’Encens des Sylves;Auberges;Elfe
Le Festin de Clarté;Auberges;Elfe
Le Refuge des Pétales;Auberges;Elfe
Le Frisson de l’Éclat;Auberges;Elfe
La Couronne Verte;Auberges;Elfe
La Barque de Nuit;Auberges;Elfe
L’Abri des Charmes;Auberges;Elfe
Le Tapis de Lierre;Auberges;Elfe
La Pomme des Elfes;Auberges;Elfe
L’Auberge de la Flèche-Bleue;Auberges;Elfe
Le Chant de Liane;Auberges;Elfe
Le Balcon de Roselune;Auberges;Elfe
La Terrasse d’Écorce;Auberges;Elfe
Le Repos de Saelwyn;Auberges;Elfe
La Flamme Douce;Auberges;Elfe
La Fontaine de Brise;Auberges;Elfe
L’Éclat de Ronce;Auberges;Elfe
La Grive de Velours;Auberges;Elfe
La Mousse Lumineuse;Auberges;Elfe
La Table d’Eä;Auberges;Elfe
La Bulle de Myrtille;Auberges;Elfe
L’Écorce Blanche;Auberges;Elfe
La Chope Brisée;Auberges;Humaine
Le Sanglier Rieur;Auberges;Humaine
La Flèche Fendue;Auberges;Humaine
Le Griffon d'Or;Auberges;Humaine
L'Épée Tordue;Auberges;Humaine
Le Chêne Rouge;Auberges;Humaine
L'Écu Fêlé;Auberges;Humaine
La Corne d'Étain;Auberges;Humaine
Le Dragon Ronflant;Auberges;Humaine
Le Gobelet de Lune;Auberges;Humaine
Le Fer et la Plume;Auberges;Humaine
La Rapière Oubliée;Auberges;Humaine
Le Mouton Noir;Auberges;Humaine
L’Étendard Plié;Auberges;Humaine
Le Loup Affamé;Auberges;Humaine
Le Cheval d’Argile;Auberges;Humaine
La Barrique Sans Fond;Auberges;Humaine
La Traverse du Lièvre;Auberges;Humaine
Le Cerf d’Airain;Auberges;Humaine
Le Marteau du Soir;Auberges;Humaine
La Plume de Givre;Auberges;Humaine
Le Chat Mouillé;Auberges;Humaine
La Chouette d’Automne;Auberges;Humaine
Le Couteau et la Cuillère;Auberges;Humaine
La Harpe Brisée;Auberges;Humaine
Le Broc Fêlé;Auberges;Humaine
La Queue de Serpent;Auberges;Humaine
Le Coq de Minuit;Auberges;Humaine
La Croix du Voyageur;Auberges;Humaine
La Coupe et l’Ancre;Auberges;Humaine
L’Écu du Veilleur;Auberges;Humaine
La Lanterne Rouge;Auberges;Humaine
Le Cuir et le Calice;Auberges;Humaine
La Forge du Répit;Auberges;Humaine
Le Chardon de Pierre;Auberges;Humaine
La Lance et le Lierre;Auberges;Humaine
L’Axolotl Doré;Auberges;Humaine
Le Pont de Brume;Auberges;Humaine
La Tête de Sanglier;Auberges;Humaine
L’Aigle Boiteux;Auberges;Humaine
Le Porc-Épic Frisé;Auberges;Humaine
Le Tambour Creux;Auberges;Humaine
La Ruelle Fleurie;Auberges;Humaine
Le Gobelet Perdu;Auberges;Humaine
L’Anguille Agile;Auberges;Humaine
La Bière du Corbeau;Auberges;Humaine
Le Gnome Pendu;Auberges;Humaine
Le Grillon Bleu;Auberges;Humaine
La Marmite Silencieuse;Auberges;Humaine
L’Hermine et le Fer;Auberges;Humaine
La Chèvre du Nord;Auberges;Humaine
Le Paquet du Pèlerin;Auberges;Humaine
La Table Bancale;Auberges;Humaine
Le Clocher Tordu;Auberges;Humaine
Le Chapeau Écrasé;Auberges;Humaine
La Brouette Dorée;Auberges;Humaine
Le Sanglier de Sable;Auberges;Humaine
La Corne Brumeuse;Auberges;Humaine
Le Saumon Piquant;Auberges;Humaine
L’Étang des Ronces;Auberges;Humaine
La Tasse Gelée;Auberges;Humaine
Le Caillou Sifflant;Auberges;Humaine
La Griffe et la Grange;Auberges;Humaine
L’As de Chêne;Auberges;Humaine
Le Poêle et la Poix;Auberges;Humaine
La Treille du Vent;Auberges;Humaine
Le Banc de Cuivre;Auberges;Humaine
Le Mufle Enfumé;Auberges;Humaine
La Hache du Fugitif;Auberges;Humaine
Le Coing Sauvage;Auberges;Humaine
Le Chat et la Chandelle;Auberges;Humaine
Le Flambeau Éteint;Auberges;Humaine
La Luciole Paresseuse;Auberges;Humaine
Le Pélican Bourru;Auberges;Humaine
La Queue de Loup;Auberges;Humaine
La Cuvette Sincère;Auberges;Humaine
Le Fer des Collines;Auberges;Humaine
La Corne du Barde;Auberges;Humaine
Le Fût Percé;Auberges;Humaine
Le Quart de Lune;Auberges;Humaine
Le Chariot Crevé;Auberges;Humaine
La Cascade Froide;Auberges;Humaine
L’Étoile Tombée;Auberges;Humaine
La Lame Perdue;Auberges;Humaine
Le Buffle Chanteur;Auberges;Humaine
La Panse Heureuse;Auberges;Humaine
Le Cavalier de Lierre;Auberges;Humaine
Le Crapaud d’Étain;Auberges;Humaine
Le Nœud du Vieux Chêne;Auberges;Humaine
Le Tambourin Fendu;Auberges;Humaine
La Jarre Vide;Auberges;Humaine
Le Manteau de Brume;Auberges;Humaine
La Pierre et la Pipe;Auberges;Humaine
Le Grelot de Fer;Auberges;Humaine
L’Hirondelle de Givre;Auberges;Humaine
La Goutte de Feu;Auberges;Humaine
Le Cloporte Doré;Auberges;Humaine
Akashia Écaillombre;Noms;Drakéïde, femelle
Baazira Flammevive;Noms;Drakéïde, femelle
Cindrya Tisonchant;Noms;Drakéïde, femelle
Drasira Cœur-d’Obsidienne;Noms;Drakéïde, femelle
Ezhrana Sombrefeu;Noms;Drakéïde, femelle
Faryza Hurlebraise;Noms;Drakéïde, femelle
Ghazira Ventécaille;Noms;Drakéïde, femelle
Harkina Croc-d’Orage;Noms;Drakéïde, femelle
Izraya Brasiergrâce;Noms;Drakéïde, femelle
Jaelira Fournaise-née;Noms;Drakéïde, femelle
Kaessira de la Flamme;Noms;Drakéïde, femelle
Lazrith Sculpte-Braises;Noms;Drakéïde, femelle
Myzzira Hurledrake;Noms;Drakéïde, femelle
Naeshka Givre-Écarlate;Noms;Drakéïde, femelle
Orissia Cendreval;Noms;Drakéïde, femelle
Pyrasha Vent-Fumant;Noms;Drakéïde, femelle
Qarzira Échine-d’Ébène;Noms;Drakéïde, femelle
Razhra Marcheflamme;Noms;Drakéïde, femelle
Sylzara Vol-des-Cendres;Noms;Drakéïde, femelle
Tazmina Ombre-Ardente;Noms;Drakéïde, femelle
Urshara Chant-des-Scories;Noms;Drakéïde, femelle
Vaerza Forgecendre;Noms;Drakéïde, femelle
Wyzira Lueur-d’Écailles;Noms;Drakéïde, femelle
Xalira Brume-Draconique;Noms;Drakéïde, femelle
Yzzira de la Fournaise;Noms;Drakéïde, femelle
Zashira Foudre-Née;Noms;Drakéïde, femelle
Ashka Sombrelame;Noms;Drakéïde, femelle
Barzira Souffle-Tissé;Noms;Drakéïde, femelle
Cazhna Écailleclaire;Noms;Drakéïde, femelle
Drakina Coeur-du-Vol;Noms;Drakéïde, femelle
Ezlira Griffe-des-Brasiers;Noms;Drakéïde, femelle
Frayra Brisefeu;Noms;Drakéïde, femelle
Grashina Volcanique;Noms;Drakéïde, femelle
Hyzira de Brumelave;Noms;Drakéïde, femelle
Iskarra Mornécaille;Noms;Drakéïde, femelle
Jezra de la Lame-Chaude;Noms;Drakéïde, femelle
Kynasha de Cendrebois;Noms;Drakéïde, femelle
Lezrina Feudouce;Noms;Drakéïde, femelle
Mazhra Crânenuit;Noms;Drakéïde, femelle
Nyssara Fureur-d'Écaille;Noms;Drakéïde, femelle
Orzha Tempétueuse;Noms;Drakéïde, femelle
Pharzina de l’Ancienne-Flamme;Noms;Drakéïde, femelle
Quynra Forgebrume;Noms;Drakéïde, femelle
Rhazira Main-de-Lave;Noms;Drakéïde, femelle
Sazhra du Souffle-Sombre;Noms;Drakéïde, femelle
Tazira Scelleflamme;Noms;Drakéïde, femelle
Uzzina des Brasiers-Sacrés;Noms;Drakéïde, femelle
Varshira Hurlevent;Noms;Drakéïde, femelle
Wyrza Cendrecrocs;Noms;Drakéïde, femelle
Xerasha Grondeflammes;Noms;Drakéïde, femelle
Ylshira Veine-de-Feu;Noms;Drakéïde, femelle
Zyrrasha Viféclat;Noms;Drakéïde, femelle
Alzuna du Vol-Tremblant;Noms;Drakéïde, femelle
Brenzira Gorge-de-Feu;Noms;Drakéïde, femelle
Crizaya de la Gorge-Rouge;Noms;Drakéïde, femelle
Dazhana Lame-d’Écaille;Noms;Drakéïde, femelle
Elynsha Fumebraise;Noms;Drakéïde, femelle
Faelyra Braise-Royale;Noms;Drakéïde, femelle
Gavrika Griffe-des-Terres;Noms;Drakéïde, femelle
Helyra Ombrelave;Noms;Drakéïde, femelle
Irashka de la Gorge-Torride;Noms;Drakéïde, femelle
Javina Brise-Pierres;Noms;Drakéïde, femelle
Kezhra Cendrefleur;Noms;Drakéïde, femelle
Lorysha Fournaise-Grise;Noms;Drakéïde, femelle
Myrkhia des Hautes-Flammes;Noms;Drakéïde, femelle
Nashara Main-du-Feu;Noms;Drakéïde, femelle
Onzira Chante-Vol;Noms;Drakéïde, femelle
Phezra de l’Écaille-Soufflée;Noms;Drakéïde, femelle
Qazira des Lames-Tissées;Noms;Drakéïde, femelle
Rashiva Brûlecoeur;Noms;Drakéïde, femelle
Selyra d’Urzakar;Noms;Drakéïde, femelle
Thyzzira Griffe-Rouge;Noms;Drakéïde, femelle
Ulnasha Flamme-d'Éveil;Noms;Drakéïde, femelle
Vezhra Écaille-Étoilée;Noms;Drakéïde, femelle
Wyrrasha Sombrecendre;Noms;Drakéïde, femelle
Xenira de la Gueule-d’Or;Noms;Drakéïde, femelle
Yssira Tison-d’Argile;Noms;Drakéïde, femelle
Zinasha Souffle-Mystique;Noms;Drakéïde, femelle
Aenira Frisson-de-Flamme;Noms;Drakéïde, femelle
Bazhira Hurle-Noir;Noms;Drakéïde, femelle
Chalzira Foudre-Écaille;Noms;Drakéïde, femelle
Dyrzala Vent-du-Nid;Noms;Drakéïde, femelle
Elzina de l’Œuf-Rouge;Noms;Drakéïde, femelle
Fazsha Marche-Tonnerre;Noms;Drakéïde, femelle
Glyzira Ombre-Chaud;Noms;Drakéïde, femelle
Hyshara Braise-Ancienne;Noms;Drakéïde, femelle
Iszara du Vol-Lointain;Noms;Drakéïde, femelle
Jharnira Flambée-Grise;Noms;Drakéïde, femelle
Korsina Chant-du-Soufre;Noms;Drakéïde, femelle
Lazvira Montre-Feu;Noms;Drakéïde, femelle
Myrasha Sanguine-Écailles;Noms;Drakéïde, femelle
Nyzira de Cœur-Sec;Noms;Drakéïde, femelle
Opzira Tissecendres;Noms;Drakéïde, femelle
Pyrrasha Crâne-Vif;Noms;Drakéïde, femelle
Qezhra Forge-Silencieuse;Noms;Drakéïde, femelle
Ravzira Gronde-nuit;Noms;Drakéïde, femelle
Sarnira Sève-du-Drake;Noms;Drakéïde, femelle
Tyrasha Plume-de-Lave;Noms;Drakéïde, femelle
Ulzira Vent-Épineux;Noms;Drakéïde, femelle
Vazhara Sommet-en-Flamme;Noms;Drakéïde, femelle
Wazira Souffle-d’Éclat;Noms;Drakéïde, femelle
Xyshira Voile-Flamboyant;Noms;Drakéïde, femelle
Yrzasha Hurledor;Noms;Drakéïde, femelle
Zalzira Garde-Incarnée;Noms;Drakéïde, femelle
Azharn Krahzul;Noms;Drakéïde, mâle
Barzun Emberfang;Noms;Drakéïde, mâle
Cedrak Thunderscale;Noms;Drakéïde, mâle
Drakar Morvarax;Noms;Drakéïde, mâle
Ekran Flamehide;Noms;Drakéïde, mâle
Farnak Dûmbrisse;Noms;Drakéïde, mâle
Gorvek Ironscale;Noms;Drakéïde, mâle
Hazron Embershroud;Noms;Drakéïde, mâle
Izharn Vulkazor;Noms;Drakéïde, mâle
Jharvek Stonespine;Noms;Drakéïde, mâle
Karnash Virecrête;Noms;Drakéïde, mâle
Lazrak Kaalrend;Noms;Drakéïde, mâle
Mordrak Ashenhide;Noms;Drakéïde, mâle
Norvek Brazzakar;Noms;Drakéïde, mâle
Orzhar Drakensoul;Noms;Drakéïde, mâle
Paznir Cendregriffe;Noms;Drakéïde, mâle
Quarnash Sombreflamme;Noms;Drakéïde, mâle
Razkan Pyregaze;Noms;Drakéïde, mâle
Sarrvek Givreécaille;Noms;Drakéïde, mâle
Tazrak Ombreflamme;Noms;Drakéïde, mâle
Urvek Crânecendre;Noms;Drakéïde, mâle
Varnak Zhaalek;Noms;Drakéïde, mâle
Worzar Sombrefiel;Noms;Drakéïde, mâle
Xarnak Dornebrume;Noms;Drakéïde, mâle
Yrzak Cœur-d’Obsidienne;Noms;Drakéïde, mâle
Zarneth Feudécaille;Noms;Drakéïde, mâle
Arkar Flamevein;Noms;Drakéïde, mâle
Bravak d’Urzakar;Noms;Drakéïde, mâle
Cazhul Forgeflamme;Noms;Drakéïde, mâle
Durnek Lame-Drake;Noms;Drakéïde, mâle
Ezhar Ventsombre;Noms;Drakéïde, mâle
Farkesh Sangdraconique;Noms;Drakéïde, mâle
Graknor de Kraalash;Noms;Drakéïde, mâle
Harnak Garde-Écailles;Noms;Drakéïde, mâle
Izvek d’Ashkarn;Noms;Drakéïde, mâle
Jazhul Crânenoir;Noms;Drakéïde, mâle
Kezrak des Monts Ardents;Noms;Drakéïde, mâle
Lorvek Soufflebrûlé;Noms;Drakéïde, mâle
Morzak Cendreval;Noms;Drakéïde, mâle
Narvun Garde-Brume;Noms;Drakéïde, mâle
Orrak Zakarum;Noms;Drakéïde, mâle
Praveth Éclat-des-Cendres;Noms;Drakéïde, mâle
Quorak Brasiervein;Noms;Drakéïde, mâle
Rhazkul d’Ombrefeu;Noms;Drakéïde, mâle
Sarnok Tranchevent;Noms;Drakéïde, mâle
Tazhul Sanglardent;Noms;Drakéïde, mâle
Urzakar d’Écaillombre;Noms;Drakéïde, mâle
Vornek Pyresang;Noms;Drakéïde, mâle
Wazrik Hurledrake;Noms;Drakéïde, mâle
Xorvek de Givrebras;Noms;Drakéïde, mâle
Yulzar Tonnerre-Scelle;Noms;Drakéïde, mâle
Zarkhul Feu-Voilé;Noms;Drakéïde, mâle
Arvek Lame-Fumée;Noms;Drakéïde, mâle
Borzak Bras-de-Braise;Noms;Drakéïde, mâle
Caznir Fournaise-Née;Noms;Drakéïde, mâle
Dhrakar Griffe-du-Roc;Noms;Drakéïde, mâle
Ezvorn Flamme-Éteinte;Noms;Drakéïde, mâle
Farnor Coeur-d'Argile;Noms;Drakéïde, mâle
Gharnak Souffle-Sombre;Noms;Drakéïde, mâle
Horzak d'Écaille-Azur;Noms;Drakéïde, mâle
Ivarn Frappefeu;Noms;Drakéïde, mâle
Jorvak du Vol-Ardent;Noms;Drakéïde, mâle
Kazarn Cuirasse-de-Cendres;Noms;Drakéïde, mâle
Lorzar Regard-de-Feu;Noms;Drakéïde, mâle
Morvek Cendregrise;Noms;Drakéïde, mâle
Nazhul le Cendré;Noms;Drakéïde, mâle
Ozharn d’Écaille-Rouge;Noms;Drakéïde, mâle
Pyrak Vent-de-Givre;Noms;Drakéïde, mâle
Qurzan Lame-de-Feu;Noms;Drakéïde, mâle
Rhazkar Tempêtecalme;Noms;Drakéïde, mâle
Szarnak Fracas-d'Écaille;Noms;Drakéïde, mâle
Thazhul Croc-de-Flammes;Noms;Drakéïde, mâle
Ulzar Marchebrume;Noms;Drakéïde, mâle
Vorzak Tison-né;Noms;Drakéïde, mâle
Wurnak de l’Échine-Noire;Noms;Drakéïde, mâle
Xelvor Éclat-du-Vol;Noms;Drakéïde, mâle
Yzarok Fumécœur;Noms;Drakéïde, mâle
Zurnek de l’Ombre-Rouge;Noms;Drakéïde, mâle
Anzhar Craquemont;Noms;Drakéïde, mâle
Brakar Écaillombre;Noms;Drakéïde, mâle
Chornak Cendrepoigne;Noms;Drakéïde, mâle
Dravash d’Ashurak;Noms;Drakéïde, mâle
Eldrak Hurleflamme;Noms;Drakéïde, mâle
Frasken Dunecrête;Noms;Drakéïde, mâle
Ghorvek Main-de-Foudre;Noms;Drakéïde, mâle
Halzar le Scellé;Noms;Drakéïde, mâle
Ishrek Crânargent;Noms;Drakéïde, mâle
Jarvok de Sombreforge;Noms;Drakéïde, mâle
Kurnaz Vifcrête;Noms;Drakéïde, mâle
Lokarn d’Ur’Tulak;Noms;Drakéïde, mâle
Mazran Lame-du-Vol;Noms;Drakéïde, mâle
Norzak Souffle-Séché;Noms;Drakéïde, mâle
Orvek Écaillenuit;Noms;Drakéïde, mâle
Prazhul de Braises;Noms;Drakéïde, mâle
Qarnak Ombrefournaise;Noms;Drakéïde, mâle
Rhazmir Sangduvol;Noms;Drakéïde, mâle
Starnok Lueurnoire;Noms;Drakéïde, mâle
Trakar Tonnerregarde;Noms;Drakéïde, mâle
Uzharn Ventbrûlé;Noms;Drakéïde, mâle
Varrek Garde-Tertre;Noms;Drakéïde, mâle
Wrazhul Hurletertre;Noms;Drakéïde, mâle
Xarnoth de Brumechaleur;Noms;Drakéïde, mâle
Yrzak Tisonchant;Noms;Drakéïde, mâle
Zarnok d’Écaille-d’Or;Noms;Drakéïde, mâle
Brunna Forgecoeur;Noms;Dvaergen, femme
Hilda Barbe-de-Fer;Noms;Dvaergen, femme
Gilda Sculpte-rune;Noms;Dvaergen, femme
Thora Marteau-d’Or;Noms;Dvaergen, femme
Frida Pierregrise;Noms;Dvaergen, femme
Helga Flammebrune;Noms;Dvaergen, femme
Astrid Lame-d’Argent;Noms;Dvaergen, femme
Gudrun Brise-Roche;Noms;Dvaergen, femme
Ylva Veine-de-Fer;Noms;Dvaergen, femme
Dagny Forge-Tonnerre;Noms;Dvaergen, femme
Sigrid Coeur-de-Cendre;Noms;Dvaergen, femme
Brynna Barbe-d’Étain;Noms;Dvaergen, femme
Greta Main-de-Flamme;Noms;Dvaergen, femme
Inga Forge-des-Âges;Noms;Dvaergen, femme
Ragna Crâne-de-Pierre;Noms;Dvaergen, femme
Kara Barbe-Sombre;Noms;Dvaergen, femme
Tilda Sculpte-Gemme;Noms;Dvaergen, femme
Svala Garde-Racine;Noms;Dvaergen, femme
Milda Flambétoile;Noms;Dvaergen, femme
Eira Forge-du-Nord;Noms;Dvaergen, femme
Bera Veine-Rouge;Noms;Dvaergen, femme
Freya Marteau-de-Sang;Noms;Dvaergen, femme
Anja Forgeclaire;Noms;Dvaergen, femme
Siri Tison-de-Pierre;Noms;Dvaergen, femme
Ilma Forge-des-Cendres;Noms;Dvaergen, femme
Thyra Barbe-d’Orage;Noms;Dvaergen, femme
Solveig Lame-des-Pics;Noms;Dvaergen, femme
Yrsa Barbe-de-Cristal;Noms;Dvaergen, femme
Hervor Flamme-du-Matin;Noms;Dvaergen, femme
Lina Sombreforge;Noms;Dvaergen, femme
Vala Mine-des-Profondeurs;Noms;Dvaergen, femme
Gerda Forge-Garde;Noms;Dvaergen, femme
Nessa Lame-Rouge;Noms;Dvaergen, femme
Tora Tête-de-Roche;Noms;Dvaergen, femme
Ebba Garde-des-Forges;Noms;Dvaergen, femme
Saga Coeur-d’Obsidienne;Noms;Dvaergen, femme
Vigdis Marteau-du-Feu;Noms;Dvaergen, femme
Runa Brise-Pierres;Noms;Dvaergen, femme
Elga Forge-Lointaine;Noms;Dvaergen, femme
Brynja Tison-des-Brumes;Noms;Dvaergen, femme
Maren Barbe-de-Granit;Noms;Dvaergen, femme
Thora Crâne-de-Rune;Noms;Dvaergen, femme
Olga Flamme-Silencieuse;Noms;Dvaergen, femme
Astrun Forge-Sacrée;Noms;Dvaergen, femme
Eldrid Veine-de-Jade;Noms;Dvaergen, femme
Klara Lame-du-Froid;Noms;Dvaergen, femme
Vera Marteau-des-Terres;Noms;Dvaergen, femme
Rona Brume-de-Fer;Noms;Dvaergen, femme
Dagna Hache-d’Or;Noms;Dvaergen, femme
Gunnilda Forge-des-Cavernes;Noms;Dvaergen, femme
Tirla Veine-Écarlate;Noms;Dvaergen, femme
Gerdh Sculpte-Cristal;Noms;Dvaergen, femme
Nanna Forge-du-Savoir;Noms;Dvaergen, femme
Birka Barbe-de-Neige;Noms;Dvaergen, femme
Ylfrun Tison-de-Gloire;Noms;Dvaergen, femme
Alva Forge-des-Racines;Noms;Dvaergen, femme
Sanna Marteau-des-Monts;Noms;Dvaergen, femme
Irena Lame-de-Fumée;Noms;Dvaergen, femme
Hallvi Forge-d’Ambre;Noms;Dvaergen, femme
Liora Tête-d’Éclat;Noms;Dvaergen, femme
Elna Coeur-de-Roche;Noms;Dvaergen, femme
Hjordis Garde-d’Acier;Noms;Dvaergen, femme
Bryndis Flamme-de-Lune;Noms;Dvaergen, femme
Kjara Sombre-Rune;Noms;Dvaergen, femme
Fritha Forge-des-Vents;Noms;Dvaergen, femme
Orla Tison-d’Obsidienne;Noms;Dvaergen, femme
Disa Barbe-d’Acier;Noms;Dvaergen, femme
Hildi Marteau-des-Anciens;Noms;Dvaergen, femme
Eydis Flamme-d’Argent;Noms;Dvaergen, femme
Ingrida Brise-Terre;Noms;Dvaergen, femme
Tirga Forge-Souffle;Noms;Dvaergen, femme
Viona Veine-de-Lave;Noms;Dvaergen, femme
Gunnhild Lame-Scintillante;Noms;Dvaergen, femme
Elida Forge-Étoile;Noms;Dvaergen, femme
Ida Crâne-de-Cendres;Noms;Dvaergen, femme
Tilda Garde-des-Runes;Noms;Dvaergen, femme
Sunniva Barbe-de-Jais;Noms;Dvaergen, femme
Marit Veine-de-Feu;Noms;Dvaergen, femme
Embla Forge-Tissepierre;Noms;Dvaergen, femme
Isla Lame-de-Nuit;Noms;Dvaergen, femme
Liv Forge-du-Voile;Noms;Dvaergen, femme
Rigmor Garde-Mine;Noms;Dvaergen, femme
Aska Barbe-Fossile;Noms;Dvaergen, femme
Karja Flamme-de-Brume;Noms;Dvaergen, femme
Unna Lame-du-Silence;Noms;Dvaergen, femme
Yselda Forge-du-Refuge;Noms;Dvaergen, femme
Nerja Sculpte-Flamme;Noms;Dvaergen, femme
Inka Forge-Tourment;Noms;Dvaergen, femme
Gudrida Veine-des-Brumes;Noms;Dvaergen, femme
Tirna Hache-de-Pierre;Noms;Dvaergen, femme
Eilin Barbe-des-Abîmes;Noms;Dvaergen, femme
Sigga Forge-des-Géants;Noms;Dvaergen, femme
Olrun Marteau-des-Cendres;Noms;Dvaergen, femme
Tove Tison-du-Crâne;Noms;Dvaergen, femme
Elinor Veine-du-Feu;Noms;Dvaergen, femme
Dagna Flamme-d’Argile;Noms;Dvaergen, femme
Alfhild Lame-des-Temps;Noms;Dvaergen, femme
Ygda Garde-des-Racines;Noms;Dvaergen, femme
Marnis Sculpte-Glace;Noms;Dvaergen, femme
Freyda Forge-de-Peuple;Noms;Dvaergen, femme
Thrain Forgebarbe;Noms;Dvaergen, homme
Durgan Marteau-de-Fer;Noms;Dvaergen, homme
Balin Pierregrise;Noms;Dvaergen, homme
Gorim Lamedacier;Noms;Dvaergen, homme
Torin Main-de-Pierre;Noms;Dvaergen, homme
Brokk Marteau-d'Or;Noms;Dvaergen, homme
Rurik Briseflamme;Noms;Dvaergen, homme
Dwalin Forgefeu;Noms;Dvaergen, homme
Korin Hachebrume;Noms;Dvaergen, homme
Thordek Tisonbrume;Noms;Dvaergen, homme
Brom Fendroche;Noms;Dvaergen, homme
Gimli Barbe-de-Feu;Noms;Dvaergen, homme
Fundin Rubisombre;Noms;Dvaergen, homme
Harbek Sculptefer;Noms;Dvaergen, homme
Oskar Forgegarde;Noms;Dvaergen, homme
Ragnor Brisetertre;Noms;Dvaergen, homme
Kazad Rocfroid;Noms;Dvaergen, homme
Varric Marteau-nu;Noms;Dvaergen, homme
Drogan Garde-Roche;Noms;Dvaergen, homme
Thrainar Ambrecoeur;Noms;Dvaergen, homme
Grimm Balafre-d'Acier;Noms;Dvaergen, homme
Kragin Sombrepierre;Noms;Dvaergen, homme
Morgran Coeur-de-Flamme;Noms;Dvaergen, homme
Drumin Hache-de-Lave;Noms;Dvaergen, homme
Orik Forgevif;Noms;Dvaergen, homme
Tharek Fer-Écarlate;Noms;Dvaergen, homme
Dorin Boulonnoir;Noms;Dvaergen, homme
Barundin Barbe-de-Givre;Noms;Dvaergen, homme
Tordek Tête-de-Pierre;Noms;Dvaergen, homme
Gundrik Lame-de-Roche;Noms;Dvaergen, homme
Borim Marteau-noir;Noms;Dvaergen, homme
Durim Forge-de-Guerre;Noms;Dvaergen, homme
Krurin Lame-d’Obsidienne;Noms;Dvaergen, homme
Fargrim Barbe-d’Étain;Noms;Dvaergen, homme
Baldor Sculpte-rune;Noms;Dvaergen, homme
Odrik Mine-Profonde;Noms;Dvaergen, homme
Thrainor Lame-Sombre;Noms;Dvaergen, homme
Gror Crâne-de-Pierre;Noms;Dvaergen, homme
Kelgar Mâche-terre;Noms;Dvaergen, homme
Rurik Forge-de-Cendres;Noms;Dvaergen, homme
Dwalgar Brise-Fer;Noms;Dvaergen, homme
Morgrim Hache-de-Sang;Noms;Dvaergen, homme
Grimbold Forge-Étoile;Noms;Dvaergen, homme
Thorek Garde-Racine;Noms;Dvaergen, homme
Thain Forge-des-Monts;Noms;Dvaergen, homme
Orgrim Marteau-Solaire;Noms;Dvaergen, homme
Brador Forgeclaire;Noms;Dvaergen, homme
Borrik Veine-de-Fer;Noms;Dvaergen, homme
Dragan Main-Rouge;Noms;Dvaergen, homme
Kazgrim Forge-des-Âges;Noms;Dvaergen, homme
Skorim Garde-Feu;Noms;Dvaergen, homme
Brogar Cendremine;Noms;Dvaergen, homme
Fundrik Veine-Rocheuse;Noms;Dvaergen, homme
Thaldor Forge-Grise;Noms;Dvaergen, homme
Korim Tison-d'Argent;Noms;Dvaergen, homme
Grombar Marteau-Vif;Noms;Dvaergen, homme
Harnor Forge-Glorieuse;Noms;Dvaergen, homme
Norin Brume-d'Acier;Noms;Dvaergen, homme
Korin Crâne-de-Rune;Noms;Dvaergen, homme
Durgrim Barbe-de-Cendres;Noms;Dvaergen, homme
Varrik Tison-des-Terres;Noms;Dvaergen, homme
Brundir Marteau-du-Nord;Noms;Dvaergen, homme
Grarim Forge-Silencieuse;Noms;Dvaergen, homme
Ogrim Flambétoile;Noms;Dvaergen, homme
Thrundin Tête-de-Roc;Noms;Dvaergen, homme
Brunor Forge-Sacrée;Noms;Dvaergen, homme
Dain Forge-Rugissante;Noms;Dvaergen, homme
Hergar Brume-Tonnerre;Noms;Dvaergen, homme
Dolrik Main-Rocheuse;Noms;Dvaergen, homme
Tormag Barbe-de-Bronze;Noms;Dvaergen, homme
Khaldrik Forge-des-Racines;Noms;Dvaergen, homme
Thrainar Sombreforge;Noms;Dvaergen, homme
Rurik Veine-des-Anciens;Noms;Dvaergen, homme
Bargrim Marteau-Fossile;Noms;Dvaergen, homme
Grimbok Forge-de-Poussière;Noms;Dvaergen, homme
Kaldor Hache-des-Pics;Noms;Dvaergen, homme
Thrumbar Crâne-de-Braise;Noms;Dvaergen, homme
Drakmir Forge-du-Feu;Noms;Dvaergen, homme
Garnim Veine-de-Rubis;Noms;Dvaergen, homme
Brordek Forge-des-Profondeurs;Noms;Dvaergen, homme
Durin Marteau-du-Coeur;Noms;Dvaergen, homme
Borin Forge-de-Granit;Noms;Dvaergen, homme
Morin Tison-de-Gloire;Noms;Dvaergen, homme
Galdor Forge-Lointaine;Noms;Dvaergen, homme
Thrainik Lame-des-Forges;Noms;Dvaergen, homme
Durgim Barbe-d’Éclat;Noms;Dvaergen, homme
Gorim Sculpte-Grotte;Noms;Dvaergen, homme
Torgrim Mine-des-Songes;Noms;Dvaergen, homme
Rurik Sombrebarbe;Noms;Dvaergen, homme
Kazgar Forge-des-Brumes;Noms;Dvaergen, homme
Hargrim Forge-de-Fumée;Noms;Dvaergen, homme
Thragor Lame-du-Peuplier;Noms;Dvaergen, homme
Thrandin Barbe-de-Cristal;Noms;Dvaergen, homme
Rurik Marteau-des-Cimes;Noms;Dvaergen, homme
Durgrim Brume-Rouge;Noms;Dvaergen, homme
Odrin Garde-Fer;Noms;Dvaergen, homme
Baldin Tison-des-Souffles;Noms;Dvaergen, homme
Grorik Forge-des-Abîmes;Noms;Dvaergen, homme
Thaldin Lame-des-Titans;Noms;Dvaergen, homme
Brokkor Main-des-Roc;Noms;Dvaergen, homme
Kragin Marteau-des-Runes;Noms;Dvaergen, homme
Drumek Forge-des-Vents;Noms;Dvaergen, homme
Thundar Forge-du-Fond;Noms;Dvaergen, homme
Morgran Tison-des-Cendres;Noms;Dvaergen, homme
Aerendë Lunedombre;Noms;Elfe, femme
Belwyn Feuillargent;Noms;Elfe, femme
Celeia Tisanuit;Noms;Elfe, femme
Daelya Murmurebois;Noms;Elfe, femme
Elenya Clairétoile;Noms;Elfe, femme
Faenys Ombreval;Noms;Elfe, femme
Galaena Sylvessence;Noms;Elfe, femme
Helyra Lamesoie;Noms;Elfe, femme
Ilyria Cristallune;Noms;Elfe, femme
Jhaeniel Chanterêve;Noms;Elfe, femme
Kaerwyn Brisefeuille;Noms;Elfe, femme
Lirael Lysbrume;Noms;Elfe, femme
Myrielle Ventdouce;Noms;Elfe, femme
Naerys Tisonrose;Noms;Elfe, femme
Orlaena Lamechêne;Noms;Elfe, femme
Phaelira Archedor;Noms;Elfe, femme
Quelindra Feuillevive;Noms;Elfe, femme
Rhianna Sombreliane;Noms;Elfe, femme
Sylthiel d’Élaran;Noms;Elfe, femme
Thalindra Mornétoile;Noms;Elfe, femme
Urielle Douxnuage;Noms;Elfe, femme
Vaelya Doréclarté;Noms;Elfe, femme
Wynriel Lierrechant;Noms;Elfe, femme
Xelira Clairracine;Noms;Elfe, femme
Yselda Ombrecœur;Noms;Elfe, femme
Zaleria Lamebrise;Noms;Elfe, femme
Ariathë Briselune;Noms;Elfe, femme
Baelira Lys-d’Épine;Noms;Elfe, femme
Calenya Gardeplume;Noms;Elfe, femme
Delyra Tisonvent;Noms;Elfe, femme
Elowyn Feuilledouce;Noms;Elfe, femme
Firael Ventmystique;Noms;Elfe, femme
Gwynessa d’Aubelune;Noms;Elfe, femme
Halindra Cristalbrise;Noms;Elfe, femme
Isilwen Ombreliane;Noms;Elfe, femme
Jalindra Nébulefrond;Noms;Elfe, femme
Kelyra Murmureflamme;Noms;Elfe, femme
Lunathiel d’Yssalor;Noms;Elfe, femme
Maeviel Chantemoine;Noms;Elfe, femme
Nymiel Fleurétoile;Noms;Elfe, femme
Olirë de Sylveran;Noms;Elfe, femme
Pyrelia Vent-de-Cristal;Noms;Elfe, femme
Quelina Brisebrume;Noms;Elfe, femme
Raenira Sèveclaire;Noms;Elfe, femme
Selyra Lame-d’Orage;Noms;Elfe, femme
Thalyra Roséeclaire;Noms;Elfe, femme
Uliniel Feuillelune;Noms;Elfe, femme
Virelya Lierre-nuit;Noms;Elfe, femme
Wyndelisse Chantelys;Noms;Elfe, femme
Xarina d’Irialor;Noms;Elfe, femme
Yllindra Bois-de-Lune;Noms;Elfe, femme
Zerina Lame-des-Roses;Noms;Elfe, femme
Alenya Cœur-de-Brume;Noms;Elfe, femme
Belira Tisseclarté;Noms;Elfe, femme
Ciryella Flamme-d’Écorce;Noms;Elfe, femme
Drianelle Ombrecendre;Noms;Elfe, femme
Elaria Lame-d'Émeraude;Noms;Elfe, femme
Fenya du Val-Rose;Noms;Elfe, femme
Gisendra Tisonchant;Noms;Elfe, femme
Helyssa Mornesylve;Noms;Elfe, femme
Irielle Arbrechant;Noms;Elfe, femme
Jasmyne Brisebois;Noms;Elfe, femme
Karaël Tisanuage;Noms;Elfe, femme
Liora Chêneclair;Noms;Elfe, femme
Mythriel d’Ombresève;Noms;Elfe, femme
Neralis Fleur-Évanescente;Noms;Elfe, femme
Oralyn Sereindor;Noms;Elfe, femme
Phelynna Lame-d’Écume;Noms;Elfe, femme
Quelith Lysargent;Noms;Elfe, femme
Rinaria Brumevolante;Noms;Elfe, femme
Selindra Vifvent;Noms;Elfe, femme
Tyshaëlle Clairvigne;Noms;Elfe, femme
Ulwyn de la Brise;Noms;Elfe, femme
Valyndra Sombreétoile;Noms;Elfe, femme
Wynlia Roséedouce;Noms;Elfe, femme
Xyndelle Éclatboisé;Noms;Elfe, femme
Yriana Tisonclair;Noms;Elfe, femme
Zyrelle Frêneval;Noms;Elfe, femme
Aurethiel de Sylvalume;Noms;Elfe, femme
Briselya Fleurvoile;Noms;Elfe, femme
Caelira Ombredanse;Noms;Elfe, femme
Delanira Feuilleglace;Noms;Elfe, femme
Elenia d’Ysambre;Noms;Elfe, femme
Faelia Nuitsoie;Noms;Elfe, femme
Galaë Lamefleur;Noms;Elfe, femme
Haelyn Tissevent;Noms;Elfe, femme
Isolira de Valboisé;Noms;Elfe, femme
Jenyssa Rosedepluie;Noms;Elfe, femme
Kaelynn Feuillombre;Noms;Elfe, femme
Liraena Lueur-d’Écorce;Noms;Elfe, femme
Melindra Ventclair;Noms;Elfe, femme
Nalaeria Lyssoyeux;Noms;Elfe, femme
Olindra Chantgris;Noms;Elfe, femme
Penariel Cœurfloré;Noms;Elfe, femme
Quisaya Ombredorée;Noms;Elfe, femme
Rhaelira Lameflamme;Noms;Elfe, femme
Serenya de Clairracine;Noms;Elfe, femme
Thylira Sève-de-Lune;Noms;Elfe, femme
Ulyssa Épinechante;Noms;Elfe, femme
Vaenira Brisesève;Noms;Elfe, femme
Wynessa Lamedorée;Noms;Elfe, femme
Xirelya Plumedombre;Noms;Elfe, femme
Ysaline Chanteracine;Noms;Elfe, femme
Zaneria Lueur-de-Sylve;Noms;Elfe, femme
Aerendil Lamesylve;Noms;Elfe, homme
Belanor Feuillelame;Noms;Elfe, homme
Caelion Chantelune;Noms;Elfe, homme
Daerion Brisevent;Noms;Elfe, homme
Elrohir Ombreclair;Noms;Elfe, homme
Faelar Garde-brume;Noms;Elfe, homme
Galaeron Tissefeuille;Noms;Elfe, homme
Halion Clairracine;Noms;Elfe, homme
Ithilorn Dorneval;Noms;Elfe, homme
Jhaeros Lameserein;Noms;Elfe, homme
Kaelen Sombrebrise;Noms;Elfe, homme
Laeron Sylvaran;Noms;Elfe, homme
Maelion Tissebrume;Noms;Elfe, homme
Naerion Vifargent;Noms;Elfe, homme
Oranir Arbrechant;Noms;Elfe, homme
Phaelon Dorlonde;Noms;Elfe, homme
Quildor Brumechant;Noms;Elfe, homme
Rhaegon Lueur-Étoile;Noms;Elfe, homme
Saelarien Briselune;Noms;Elfe, homme
Thalion Feuillargent;Noms;Elfe, homme
Urelian Mornétoile;Noms;Elfe, homme
Vaelis Doréfrond;Noms;Elfe, homme
Wenrir Cœur-de-Bois;Noms;Elfe, homme
Xarion Tisanuit;Noms;Elfe, homme
Yarion Ombredanse;Noms;Elfe, homme
Zalirien Lierreclair;Noms;Elfe, homme
Althir Duneclaire;Noms;Elfe, homme
Baelion Souffleval;Noms;Elfe, homme
Celeborn Feuillombre;Noms;Elfe, homme
Damarion Ventargent;Noms;Elfe, homme
Eryndor Lamedorée;Noms;Elfe, homme
Felarion Sylvenuit;Noms;Elfe, homme
Gildor Vifbrume;Noms;Elfe, homme
Hirion Clairchant;Noms;Elfe, homme
Isilien Ombredor;Noms;Elfe, homme
Jandor Murmureracine;Noms;Elfe, homme
Kyrion Boisargent;Noms;Elfe, homme
Letharion Doréchant;Noms;Elfe, homme
Mirion Cristalvent;Noms;Elfe, homme
Nimrion Archedor;Noms;Elfe, homme
Oerion Nébulefrond;Noms;Elfe, homme
Palarien Brumelame;Noms;Elfe, homme
Quelion Brisefeuille;Noms;Elfe, homme
Rhodarien Lame-étoile;Noms;Elfe, homme
Sarlion Chanterose;Noms;Elfe, homme
Tirion d’Yssalor;Noms;Elfe, homme
Urion Vent-doré;Noms;Elfe, homme
Vanyel Lame-Tisane;Noms;Elfe, homme
Wenlorien Sylvemir;Noms;Elfe, homme
Xandor Sereindor;Noms;Elfe, homme
Yllorien Arbalune;Noms;Elfe, homme
Zerion d’Elarion;Noms;Elfe, homme
Aelor Cœur-d’Argile;Noms;Elfe, homme
Brandir Feuillevive;Noms;Elfe, homme
Ciryandor Chantemousse;Noms;Elfe, homme
Dorinir Archedombre;Noms;Elfe, homme
Elaran Lysargent;Noms;Elfe, homme
Faerion Briseclair;Noms;Elfe, homme
Galion Douxvent;Noms;Elfe, homme
Helion Morneterre;Noms;Elfe, homme
Iriandel Sombrélian;Noms;Elfe, homme
Jaeron Boisclair;Noms;Elfe, homme
Kalerion Sereinsylve;Noms;Elfe, homme
Lioren de Narloth;Noms;Elfe, homme
Menelion Roséebrume;Noms;Elfe, homme
Nelarion Clairduvent;Noms;Elfe, homme
Othorion Tison-Feuille;Noms;Elfe, homme
Paelon Garde-Aube;Noms;Elfe, homme
Quirion Tisserêve;Noms;Elfe, homme
Rhaelor Ombrenuit;Noms;Elfe, homme
Sildor Gardeclair;Noms;Elfe, homme
Talion du Feuillage;Noms;Elfe, homme
Umenion Sereinracine;Noms;Elfe, homme
Valendil Lys-d’Étoile;Noms;Elfe, homme
Wilmarien Lamebrise;Noms;Elfe, homme
Xelorien Clairébène;Noms;Elfe, homme
Ythrenar Arbredor;Noms;Elfe, homme
Zelurion Cristallune;Noms;Elfe, homme
Aelion Feuillargent;Noms;Elfe, homme
Belior Chant-des-Brumes;Noms;Elfe, homme
Cenrion Dorédanse;Noms;Elfe, homme
Darethil Ombre-Émeraude;Noms;Elfe, homme
Elion Lys-nocturne;Noms;Elfe, homme
Feynor Brisegrâce;Noms;Elfe, homme
Glaeron Murmureval;Noms;Elfe, homme
Halian Tisonbrume;Noms;Elfe, homme
Ivenor Cœur-de-Glace;Noms;Elfe, homme
Jaelion Briselierre;Noms;Elfe, homme
Kherion Sylvalune;Noms;Elfe, homme
Lúthorien Brume-d'Éclat;Noms;Elfe, homme
Mithenor de Valroth;Noms;Elfe, homme
Nerenion Tisseargent;Noms;Elfe, homme
Olthorion Flammebois;Noms;Elfe, homme
Phaelor Chantduvent;Noms;Elfe, homme
Quelmir Sereinbois;Noms;Elfe, homme
Ravion d’Yllinor;Noms;Elfe, homme
Sarmion Vent-d’Écorce;Noms;Elfe, homme
Thirion Lueur-Racine;Noms;Elfe, homme
Urvandir Brisedor;Noms;Elfe, homme
Verenil Clair-de-Vie;Noms;Elfe, homme
Wynlor Brisevoile;Noms;Elfe, homme
Xarven Tison-Étoile;Noms;Elfe, homme
Yvalion Ombre-Lys;Noms;Elfe, homme
Zorenil Ventclair;Noms;Elfe, homme
Alba Mirecog;Noms;	Gnome, femme
Bimsi Rouetpétale;Noms;	Gnome, femme
Cally Sautefusette;Noms;	Gnome, femme
Daphnel Tictincelle;Noms;	Gnome, femme
Ezia Brilleclou;Noms;	Gnome, femme
Fizzi Giclepince;Noms;	Gnome, femme
Gilda Feutrime;Noms;	Gnome, femme
Hobela Frappevalve;Noms;	Gnome, femme
Izzri Grelobille;Noms;	Gnome, femme
Jezna Volutilame;Noms;	Gnome, femme
Kreela Luminosse;Noms;	Gnome, femme
Lizzi Poissalune;Noms;	Gnome, femme
Mira Cogenoix;Noms;	Gnome, femme
Ninfa Frisebrume;Noms;	Gnome, femme
Orlina Chiffrecuivre;Noms;	Gnome, femme
Pippa Tournebulle;Noms;	Gnome, femme
Quilla Mèchevape;Noms;	Gnome, femme
Razi Sifflambre;Noms;	Gnome, femme
Saphie Détincelle;Noms;	Gnome, femme
Tilly Jaugefolle;Noms;	Gnome, femme
Umbra Mignospire;Noms;	Gnome, femme
Vinna Clenuit;Noms;	Gnome, femme
Wixie Voletige;Noms;	Gnome, femme
Xalli Cloufrisel;Noms;	Gnome, femme
Yenza Trottineige;Noms;	Gnome, femme
Zibella Vapeurbelle;Noms;	Gnome, femme
Amira Fulgurisouffle;Noms;	Gnome, femme
Binka Tintibulle;Noms;	Gnome, femme
Clovi Sangleflamme;Noms;	Gnome, femme
Dini Frimécœur;Noms;	Gnome, femme
Eppy Crankluciole;Noms;	Gnome, femme
Fayna Défilelame;Noms;	Gnome, femme
Glimra Clapercle;Noms;	Gnome, femme
Hazzi Visseplume;Noms;	Gnome, femme
Illa Brumesillon;Noms;	Gnome, femme
Jinky Réglunette;Noms;	Gnome, femme
Kanni Chiffoiseau;Noms;	Gnome, femme
Lymse Turbiéclat;Noms;	Gnome, femme
Minzy Éclyspinelle;Noms;	Gnome, femme
Nara Tisonette;Noms;	Gnome, femme
Olli Griboulame;Noms;	Gnome, femme
Pymmie Lunéboulon;Noms;	Gnome, femme
Queela Soufflepile;Noms;	Gnome, femme
Rixie Cliquarbre;Noms;	Gnome, femme
Simi Scintidoigt;Noms;	Gnome, femme
Tizza Coquelune;Noms;	Gnome, femme
Uliette Pétillevape;Noms;	Gnome, femme
Vixelle Lubrionyx;Noms;	Gnome, femme
Wenna Tiquebrule;Noms;	Gnome, femme
Ximzi Échappécorbe;Noms;	Gnome, femme
Ytza Cristalgemme;Noms;	Gnome, femme
Zully Sprotibuée;Noms;	Gnome, femme
Adri Plumepignon;Noms;	Gnome, femme
Betsy Brasebrille;Noms;	Gnome, femme
Clee Roussetour;Noms;	Gnome, femme
Dolly Gnomperluette;Noms;	Gnome, femme
Eri Foudregriffe;Noms;	Gnome, femme
Feena Calibristelle;Noms;	Gnome, femme
Greeba Souplimote;Noms;	Gnome, femme
Hilda Forgefleur;Noms;	Gnome, femme
Iska Vannecuivre;Noms;	Gnome, femme
Jozi Mistriclochette;Noms;	Gnome, femme
Kali Grincoque;Noms;	Gnome, femme
Lomi Bullétincelle;Noms;	Gnome, femme
Mimi Hurlovape;Noms;	Gnome, femme
Nelli Roulipuce;Noms;	Gnome, femme
Orry Éclattoupie;Noms;	Gnome, femme
Peela Ticlalueur;Noms;	Gnome, femme
Quinny Fichenoisette;Noms;	Gnome, femme
Rosie Vapeurmèche;Noms;	Gnome, femme
Sissi Bobinette;Noms;	Gnome, femme
Tinka Flamèchefine;Noms;	Gnome, femme
Uli Calibrouillasse;Noms;	Gnome, femme
Vera Tournivale;Noms;	Gnome, femme
Wiggie Clocheclaire;Noms;	Gnome, femme
Xandi Grelotipuce;Noms;	Gnome, femme
Yvette Frimouse;Noms;	Gnome, femme
Zinnie Spirelune;Noms;	Gnome, femme
Arli Papillofoudre;Noms;	Gnome, femme
Bruni Flambibis;Noms;	Gnome, femme
Cassy Égoutplume;Noms;	Gnome, femme
Didi Voilebrame;Noms;	Gnome, femme
Effe Ziblimèche;Noms;	Gnome, femme
Fritzi Pétillebulle;Noms;	Gnome, femme
Glimby Noctiliege;Noms;	Gnome, femme
Heli Cocowatt;Noms;	Gnome, femme
Inni Ventetincelle;Noms;	Gnome, femme
Jellie Fusecoeur;Noms;	Gnome, femme
Kree Tordelumère;Noms;	Gnome, femme
Lolli Flamouise;Noms;	Gnome, femme
Meeka Clénobulle;Noms;	Gnome, femme
Nimsa Pistilame;Noms;	Gnome, femme
Ona Tiscorne;Noms;	Gnome, femme
Prissy Friselonette;Noms;	Gnome, femme
Quirra Volbricole;Noms;	Gnome, femme
Ryla Cogérine;Noms;	Gnome, femme
Sinda Ciselnuage;Noms;	Gnome, femme
Tasya Rayovolte;Noms;	Gnome, femme
Albin Rouecliquet;Noms;	Gnome, homme
Boddynock Griffe-Écrou;Noms;	Gnome, homme
Carmin Ciselair;Noms;	Gnome, homme
Dabbledop Tournepignon;Noms;	Gnome, homme
Eldon Vifsoufflet;Noms;	Gnome, homme
Filbert Calibracier;Noms;	Gnome, homme
Gimlor Dorevalve;Noms;	Gnome, homme
Herbin Jetefumée;Noms;	Gnome, homme
Ippon Tintéroche;Noms;	Gnome, homme
Jasper Mèchevive;Noms;	Gnome, homme
Kembel Turbispire;Noms;	Gnome, homme
Lobbin Sifflacier;Noms;	Gnome, homme
Marnix Pistofoudre;Noms;	Gnome, homme
Nim Spréloquet;Noms;	Gnome, homme
Orrin Vernibrille;Noms;	Gnome, homme
Pindle Dents-de-Cuivre;Noms;	Gnome, homme
Quibbin Axeldenté;Noms;	Gnome, homme
Rimple Forgefine;Noms;	Gnome, homme
Sebben Éclatroue;Noms;	Gnome, homme
Tolen Balafrise;Noms;	Gnome, homme
Urbin Vissepied;Noms;	Gnome, homme
Varn Billefer;Noms;	Gnome, homme
Wimzig Trottinac;Noms;	Gnome, homme
Xabin Lumecoeur;Noms;	Gnome, homme
Yorbin Dentplume;Noms;	Gnome, homme
Zook Frétinette;Noms;	Gnome, homme
Ambin Nébuloquet;Noms;	Gnome, homme
Bibble Pincecliquet;Noms;	Gnome, homme
Cobbin Croc-en-Bois;Noms;	Gnome, homme
Dindle Friselune;Noms;	Gnome, homme
Ezorin Malicorne;Noms;	Gnome, homme
Fenrick Filetincelle;Noms;	Gnome, homme
Gimzik Martefolle;Noms;	Gnome, homme
Hobbin Tranchegicle;Noms;	Gnome, homme
Iblin Cuivrorage;Noms;	Gnome, homme
Jorban Lunepignon;Noms;	Gnome, homme
Kizzle Tirebagne;Noms;	Gnome, homme
Lobwick Feufourche;Noms;	Gnome, homme
Mibble Tirécrou;Noms;	Gnome, homme
Noggin Flamouvette;Noms;	Gnome, homme
Orzik Cliquetacier;Noms;	Gnome, homme
Pibbin Réglisouffle;Noms;	Gnome, homme
Qirrick Moletoupie;Noms;	Gnome, homme
Ragbin Tremblétain;Noms;	Gnome, homme
Snorbin Voltirelle;Noms;	Gnome, homme
Timbin Tructricot;Noms;	Gnome, homme
Urthik Débriscœur;Noms;	Gnome, homme
Vibbin Forimyst;Noms;	Gnome, homme
Wazzil Plombérude;Noms;	Gnome, homme
Xibbin Scintilâme;Noms;	Gnome, homme
Yarpin Friselèze;Noms;	Gnome, homme
Zirnick Étincelune;Noms;	Gnome, homme
Azzin Voletincelle;Noms;	Gnome, homme
Boggen Cloussinette;Noms;	Gnome, homme
Crimkin Sautécrou;Noms;	Gnome, homme
Dazzik Vaporeste;Noms;	Gnome, homme
Elbin Dégrippin;Noms;	Gnome, homme
Frosbin Tournebout;Noms;	Gnome, homme
Gorkin Lubripied;Noms;	Gnome, homme
Helbin Mirocrête;Noms;	Gnome, homme
Ingwick Tourniplume;Noms;	Gnome, homme
Jibben Giclebrille;Noms;	Gnome, homme
Karnin Feutrage;Noms;	Gnome, homme
Lomwick Frémétoile;Noms;	Gnome, homme
Marnik Boumbijou;Noms;	Gnome, homme
Nifflin Tocbouilleur;Noms;	Gnome, homme
Orrick Marnécrou;Noms;	Gnome, homme
Poggle Sciesiffle;Noms;	Gnome, homme
Quazzik Étouflefeu;Noms;	Gnome, homme
Rimble Mousquifin;Noms;	Gnome, homme
Sprockin Dribillame;Noms;	Gnome, homme
Tazzrick Gribelin;Noms;	Gnome, homme
Ustin Chiffracier;Noms;	Gnome, homme
Varnip Piedrond;Noms;	Gnome, homme
Wibber Réglévapeur;Noms;	Gnome, homme
Xobbick Clénuage;Noms;	Gnome, homme
Yibbin Cordeleclair;Noms;	Gnome, homme
Zarbin Volutrine;Noms;	Gnome, homme
Alzor Flickemet;Noms;	Gnome, homme
Blibbin Mécanoïd;Noms;	Gnome, homme
Crobnik Poissengear;Noms;	Gnome, homme
Dibber Moulinebroc;Noms;	Gnome, homme
Ezbin Bidulefoudre;Noms;	Gnome, homme
Fibbick Panacharbres;Noms;	Gnome, homme
Glantick Touillefeu;Noms;	Gnome, homme
Hubrick Perlitincel;Noms;	Gnome, homme
Iznor Cranképine;Noms;	Gnome, homme
Jomwick Brumafon;Noms;	Gnome, homme
Kranklin Fixeloup;Noms;	Gnome, homme
Lorbick Vissebrise;Noms;	Gnome, homme
Muckin Roséefrime;Noms;	Gnome, homme
Nubbin Boulonnuit;Noms;	Gnome, homme
Ozrick Tiquetarou;Noms;	Gnome, homme
Pibnick Souffle-noix;Noms;	Gnome, homme
Quimwick Éclattripote;Noms;	Gnome, homme
Ribkin Bourrepile;Noms;	Gnome, homme
Sibbin Tronchinelle;Noms;	Gnome, homme
Adalyn Gâteauplume;Noms;Halfelin, femme
Bea Miellette;Noms;Halfelin, femme
Calla Piedlilas;Noms;Halfelin, femme
Daisy Flanbrise;Noms;Halfelin, femme
Elba Soupedorée;Noms;Halfelin, femme
Fenna Bellegrappe;Noms;Halfelin, femme
Gilly Chaussecroquante;Noms;Halfelin, femme
Hilda Fleurchantante;Noms;Halfelin, femme
Isla Feuillonne;Noms;Halfelin, femme
Josie Crêpelune;Noms;Halfelin, femme
Kira Doucepine;Noms;Halfelin, femme
Lila Cœurbisou;Noms;Halfelin, femme
Mina Tartefine;Noms;Halfelin, femme
Nimue Chouquette;Noms;Halfelin, femme
Orla Doucebrume;Noms;Halfelin, femme
Penny Touffeclaire;Noms;Halfelin, femme
Quilla Roulébouche;Noms;Halfelin, femme
Rosie Nidfleuri;Noms;Halfelin, femme
Sylvie Petipied;Noms;Halfelin, femme
Tess Noisibulle;Noms;Halfelin, femme
Una Brindillechaude;Noms;Halfelin, femme
Vera Boutondoré;Noms;Halfelin, femme
Willa Poussemousse;Noms;Halfelin, femme
Xena Jambonneau;Noms;Halfelin, femme
Ysolde Brisefruit;Noms;Halfelin, femme
Zia Tisaneverte;Noms;Halfelin, femme
Anwen Éclatbiscuit;Noms;Halfelin, femme
Brina Croquefeuille;Noms;Halfelin, femme
Clem Tisaneclaire;Noms;Halfelin, femme
Delia Petitventre;Noms;Halfelin, femme
Elsa Fleursucre;Noms;Halfelin, femme
Freya Briochine;Noms;Halfelin, femme
Gerta Farinette;Noms;Halfelin, femme
Hollie Douceorge;Noms;Halfelin, femme
Inga Pommetille;Noms;Halfelin, femme
Juna Feuillepure;Noms;Halfelin, femme
Karla Roueclaire;Noms;Halfelin, femme
Leela Biscuitrose;Noms;Halfelin, femme
Mabel Tourtemiel;Noms;Halfelin, femme
Nell Pâtedelune;Noms;Halfelin, femme
Olive Griffepommes;Noms;Halfelin, femme
Pippa Mornesoupe;Noms;Halfelin, femme
Quenelle Bullefolle;Noms;Halfelin, femme
Rina Calinframboise;Noms;Halfelin, femme
Saffie Lumièremousse;Noms;Halfelin, femme
Tilda Tourtefine;Noms;Halfelin, femme
Una Feuilletdouce;Noms;Halfelin, femme
Vixie Crêpindorée;Noms;Halfelin, femme
Wenla Trottinerbe;Noms;Halfelin, femme
Xara Clénoisette;Noms;Halfelin, femme
Yva Brumejolie;Noms;Halfelin, femme
Zella Petitbouchon;Noms;Halfelin, femme
Ari Sweetlune;Noms;Halfelin, femme
Bessie Friselight;Noms;Halfelin, femme
Clara Piedsouple;Noms;Halfelin, femme
Dora Muguetrond;Noms;Halfelin, femme
Elda Dorépétale;Noms;Halfelin, femme
Fia Chiffonglace;Noms;Halfelin, femme
Glynna Coudesouple;Noms;Halfelin, femme
Helmi Crocfeuilleté;Noms;Halfelin, femme
Immy Crêpechanvre;Noms;Halfelin, femme
Jilly Rireclaire;Noms;Halfelin, femme
Kessie Brunefarine;Noms;Halfelin, femme
Lyn Soufflidor;Noms;Halfelin, femme
Maisie Roudoudou;Noms;Halfelin, femme
Nora Fondrêve;Noms;Halfelin, femme
Odessa Primegrappe;Noms;Halfelin, femme
Posy Tendreliane;Noms;Halfelin, femme
Queenie Clafoutie;Noms;Halfelin, femme
Romy Épineclaire;Noms;Halfelin, femme
Susie Mielmousse;Noms;Halfelin, femme
Tansy Roudinette;Noms;Halfelin, femme
Ursa Pievert;Noms;Halfelin, femme
Vita Pétalefroment;Noms;Halfelin, femme
Winnie Tourtilune;Noms;Halfelin, femme
Xylla Sèveclaire;Noms;Halfelin, femme
Yelda Coquecourbe;Noms;Halfelin, femme
Zara Bouffedorée;Noms;Halfelin, femme
Alma Frisépice;Noms;Halfelin, femme
Brynna Doucebranche;Noms;Halfelin, femme
Coralie Nidcalin;Noms;Halfelin, femme
Daphne Figuette;Noms;Halfelin, femme
Eila Mielpoire;Noms;Halfelin, femme
Florie Roselune;Noms;Halfelin, femme
Gwen Chiffonette;Noms;Halfelin, femme
Hennie Chantfigue;Noms;Halfelin, femme
Ilsa Pluchedor;Noms;Halfelin, femme
Junie Flûtedorée;Noms;Halfelin, femme
Kylie Sèvechaleur;Noms;Halfelin, femme
Liri Pêchemousse;Noms;Halfelin, femme
Melba Feuillesucre;Noms;Halfelin, femme
Nixie Fourrinette;Noms;Halfelin, femme
Opal Chaussepêche;Noms;Halfelin, femme
Prilla Clapotis;Noms;Halfelin, femme
Reina Bouchonmiel;Noms;Halfelin, femme
Selka Biscuitclair;Noms;Halfelin, femme
Tress Bougainclaire;Noms;Halfelin, femme
Ula Tirepompon;Noms;Halfelin, femme
Viola Laitdouce;Noms;Halfelin, femme
Wilma Nidmiel;Noms;Halfelin, femme
Alton Feuilledoux;Noms;Halfelin, homme
Barnim Chaussettebrune;Noms;Halfelin, homme
Cory Piedleste;Noms;Halfelin, homme
Dibble Potdebierre;Noms;Halfelin, homme
Eldon Grainedorge;Noms;Halfelin, homme
Finnan Feuillemiel;Noms;Halfelin, homme
Garret Friselain;Noms;Halfelin, homme
Harbin Buissoncreux;Noms;Halfelin, homme
Ivo Paillasson;Noms;Halfelin, homme
Jasper Chausse-Rose;Noms;Halfelin, homme
Kellen Tonnebois;Noms;Halfelin, homme
Lyle Creusetouffu;Noms;Halfelin, homme
Milo Longebranche;Noms;Halfelin, homme
Nico Petitpré;Noms;Halfelin, homme
Oswin Chantemousse;Noms;Halfelin, homme
Perrin Duvetblanc;Noms;Halfelin, homme
Quintin Mielleval;Noms;Halfelin, homme
Roscoe Coquillot;Noms;Halfelin, homme
Samper Rizdoré;Noms;Halfelin, homme
Tobin Ventreclair;Noms;Halfelin, homme
Ulmo Douxchamp;Noms;Halfelin, homme
Vandon Framboise;Noms;Halfelin, homme
Weslin Charmefollet;Noms;Halfelin, homme
Xan Pieddoré;Noms;Halfelin, homme
Yoric Bonmorille;Noms;Halfelin, homme
Zook Duveteux;Noms;Halfelin, homme
Arlo Boisjoli;Noms;Halfelin, homme
Bilbo Poucetvert;Noms;Halfelin, homme
Crispin Pied-de-Lune;Noms;Halfelin, homme
Derek Potiron;Noms;Halfelin, homme
Elric des Prés;Noms;Halfelin, homme
Filbert Roussépine;Noms;Halfelin, homme
Grimble Lavoirbleu;Noms;Halfelin, homme
Hugo Feuillargent;Noms;Halfelin, homme
Iban Bonnesoupe;Noms;Halfelin, homme
Jonas Tisaneclaire;Noms;Halfelin, homme
Korrin Trotelune;Noms;Halfelin, homme
Lando Caillasson;Noms;Halfelin, homme
Marlo Buchette;Noms;Halfelin, homme
Nim Baisemousse;Noms;Halfelin, homme
Orrin Herbefolle;Noms;Halfelin, homme
Pipin Racineclaire;Noms;Halfelin, homme
Quince Longepipe;Noms;Halfelin, homme
Rollo Pommedorée;Noms;Halfelin, homme
Sem Tournicol;Noms;Halfelin, homme
Tobias Roulévent;Noms;Halfelin, homme
Ulric Feuillage;Noms;Halfelin, homme
Vince Gâteauchaud;Noms;Halfelin, homme
Wilbur Pétaleferme;Noms;Halfelin, homme
Xeno Millegraines;Noms;Halfelin, homme
Yannic Chantenoisette;Noms;Halfelin, homme
Zeb Petitpas;Noms;Halfelin, homme
Amos Siffleurval;Noms;Halfelin, homme
Barth Piedpoilu;Noms;Halfelin, homme
Cedric de L’Orme;Noms;Halfelin, homme
Denton Clairbouchon;Noms;Halfelin, homme
Emrick Bouchonnet;Noms;Halfelin, homme
Frodo Fleurpin;Noms;Halfelin, homme
Galen du Hameau;Noms;Halfelin, homme
Hamish Fouleracine;Noms;Halfelin, homme
Ilan Crocnoisette;Noms;Halfelin, homme
Jolly Soupemiel;Noms;Halfelin, homme
Kerrin Farinier;Noms;Halfelin, homme
Ludo Pichetclair;Noms;Halfelin, homme
Merric Bonchamp;Noms;Halfelin, homme
Norin Grattemoisson;Noms;Halfelin, homme
Oric Duvetmarron;Noms;Halfelin, homme
Puddle Cramique;Noms;Halfelin, homme
Quentin Brindille;Noms;Halfelin, homme
Rurik Doucemotte;Noms;Halfelin, homme
Sammel Nidfollet;Noms;Halfelin, homme
Tarry Pied-sec;Noms;Halfelin, homme
Ustin Feuilletis;Noms;Halfelin, homme
Valdo Plumefarine;Noms;Halfelin, homme
Wenton Petipied;Noms;Halfelin, homme
Xander du Clos;Noms;Halfelin, homme
Yoren Tirebouchon;Noms;Halfelin, homme
Zeno Brouettin;Noms;Halfelin, homme
Aeron Dentdorée;Noms;Halfelin, homme
Bram Tartepommes;Noms;Halfelin, homme
Colin Pied-de-Chêne;Noms;Halfelin, homme
Darin Tompin;Noms;Halfelin, homme
Elton Chourave;Noms;Halfelin, homme
Fergus Ventdouillet;Noms;Halfelin, homme
Garrin Piedchant;Noms;Halfelin, homme
Harrold Trognecuite;Noms;Halfelin, homme
Isen Boutonronce;Noms;Halfelin, homme
Jarred Biscuitdoré;Noms;Halfelin, homme
Kellen Briseverger;Noms;Halfelin, homme
Lem Trouvilait;Noms;Halfelin, homme
Milton Caillouflé;Noms;Halfelin, homme
Nando Fourcheclaire;Noms;Halfelin, homme
Orvin Poussépine;Noms;Halfelin, homme
Pippin Chansonneige;Noms;Halfelin, homme
Quillon Brindillebrune;Noms;Halfelin, homme
Randal Boisfarceur;Noms;Halfelin, homme
Stenn de la Haie;Noms;Halfelin, homme
Tobin Nidvert;Noms;Halfelin, homme
Usher Croquefin;Noms;Halfelin, homme
Vigo Loquetfleuri;Noms;Halfelin, homme
Wes Petitbouchon;Noms;Halfelin, homme
Alyssia de Valombre;Noms;Humaine
Brienne Coeurvaillant;Noms;Humaine
Céline de la Brume;Noms;Humaine
Daphné Montclair;Noms;Humaine
Elena Doucefeuille;Noms;Humaine
Faelinne de Sombrelune;Noms;Humaine
Gaëlle Trancherose;Noms;Humaine
Helena du Puy d’Argile;Noms;Humaine
Isolde des Grèves;Noms;Humaine
Joanna Cœur-de-Neige;Noms;Humaine
Kara de Bellebranche;Noms;Humaine
Liora Ventdouce;Noms;Humaine
Mireille Flammevive;Noms;Humaine
Nimue de Clairval;Noms;Humaine
Oria Chantepierre;Noms;Humaine
Perline de Hautefronde;Noms;Humaine
Quenna Belleflamme;Noms;Humaine
Ravena de l'Épine;Noms;Humaine
Sylvaine Montlune;Noms;Humaine
Téa du Chêne-Fier;Noms;Humaine
Ulvia d’Ombrelac;Noms;Humaine
Vesperine d’Ysambre;Noms;Humaine
Wendeline de Mornève;Noms;Humaine
Ysoria Chanteval;Noms;Humaine
Zélia de la Lande;Noms;Humaine
Alix Lierremort;Noms;Humaine
Béryl Forgerêve;Noms;Humaine
Clarisse du Bois-Vert;Noms;Humaine
Delphira Douxnuage;Noms;Humaine
Elvire de Hauteterre;Noms;Humaine
Floriane Coindacier;Noms;Humaine
Giselle Tréviscourt;Noms;Humaine
Héloïse du Roc-Fier;Noms;Humaine
Ismérie Sombrevallon;Noms;Humaine
Judith de Lierre-Gris;Noms;Humaine
Katell d’Argelac;Noms;Humaine
Lysandra de la Tour-Brune;Noms;Humaine
Maëlys Brisebois;Noms;Humaine
Nora Hautesève;Noms;Humaine
Opaline de Roselune;Noms;Humaine
Philomène Cœur-d’Argile;Noms;Humaine
Quitéria des Rives;Noms;Humaine
Roxane Montglacé;Noms;Humaine
Séraphine de Grondeterre;Noms;Humaine
Thaïs de la Feuille-Morte;Noms;Humaine
Urielle Brumecouronne;Noms;Humaine
Vianne du Miroir-Calme;Noms;Humaine
Willemine d’Ambreval;Noms;Humaine
Ysolde Tisonbleu;Noms;Humaine
Zoé de Clairchamp;Noms;Humaine
Amalia Cendreval;Noms;Humaine
Bianca du Chant-de-l’Aube;Noms;Humaine
Cassandre Hautebrise;Noms;Humaine
Diana Veineclaire;Noms;Humaine
Esmée du Ruisseau;Noms;Humaine
Fiora Ferlanterne;Noms;Humaine
Gwenaëlle de Saphirmont;Noms;Humaine
Honorine du Marais-Fleuri;Noms;Humaine
Ivana de Rocombre;Noms;Humaine
Jacinthe Garde-Haute;Noms;Humaine
Kallista Mornelame;Noms;Humaine
Lorène des Collines;Noms;Humaine
Maud de Flammevive;Noms;Humaine
Nadine du Champ-Perdu;Noms;Humaine
Odelia Frondargent;Noms;Humaine
Pénélope de la Pluie;Noms;Humaine
Quitaine Fermevoix;Noms;Humaine
Rosamée de Ventrouge;Noms;Humaine
Solène Briseterre;Noms;Humaine
Théodora de Morniveil;Noms;Humaine
Ursula du Lac-Rêveur;Noms;Humaine
Vérane Feuilledouce;Noms;Humaine
Wynonna d’Épineval;Noms;Humaine
Ygraine Coeur-léger;Noms;Humaine
Zina de Sombrelierre;Noms;Humaine
Arianne du Roc-Serre;Noms;Humaine
Blandine de Montferrand;Noms;Humaine
Clemence Belleflèche;Noms;Humaine
Damia de la Source;Noms;Humaine
Élise Frondenoire;Noms;Humaine
Floriane d’Hautemer;Noms;Humaine
Geneviève du Val;Noms;Humaine
Harmonia de la Forge;Noms;Humaine
Isaure de Sablechaud;Noms;Humaine
Joséphine Barbeclaire;Noms;Humaine
Klara de Brisehiver;Noms;Humaine
Leontine de l’Argenterie;Noms;Humaine
Marjolaine Têtegrise;Noms;Humaine
Nathanaëlle d’Orfossé;Noms;Humaine
Oriana de Fontebrume;Noms;Humaine
Prudence Sculpteflamme;Noms;Humaine
Quirielle Coindelune;Noms;Humaine
Romaine de Feu-Froid;Noms;Humaine
Sybille du Haut-Murmure;Noms;Humaine
Tifaine Forgrise;Noms;Humaine
Urbane de Brumeclaire;Noms;Humaine
Violette des Terres-Sèches;Noms;Humaine
Walda Cœurduvent;Noms;Humaine
Ysolina du Val-Endormi;Noms;Humaine
Zorina du Marais-Fumé;Noms;Humaine
Aldric Valemont;Noms;Humain
Beran du Roc;Noms;Humain
Cedrik Lameblanche;Noms;Humain
Dorian Merelune;Noms;Humain
Edric Tonnegarde;Noms;Humain
Fendrel d’Orval;Noms;Humain
Gareth Coeurbrave;Noms;Humain
Hadrian du Lierre;Noms;Humain
Ithric Sombrelande;Noms;Humain
Jorvan de Brisechêne;Noms;Humain
Kaelen Fortemur;Noms;Humain
Loric de Noirelune;Noms;Humain
Marek Doucemain;Noms;Humain
Norric Ferbrume;Noms;Humain
Othar de Hauteterre;Noms;Humain
Perrin Lavigne;Noms;Humain
Quenric Clairbois;Noms;Humain
Roderic Haldenor;Noms;Humain
Sylas de Fontbrune;Noms;Humain
Tavion Montferrand;Noms;Humain
Ulric Chantepierre;Noms;Humain
Valen des Grèves;Noms;Humain
Weylin Mornelame;Noms;Humain
Yorik de Chantecreux;Noms;Humain
Zoren Gardeval;Noms;Humain
Alaric du Puy;Noms;Humain
Brandel Sombrecoeur;Noms;Humain
Corwin Lamevive;Noms;Humain
Dain de Valchêne;Noms;Humain
Elric Montargent;Noms;Humain
Falken Brisevent;Noms;Humain
Garen du Bois-Noir;Noms;Humain
Halric Tisonclair;Noms;Humain
Isen de Lorgueil;Noms;Humain
Jareth Montgrise;Noms;Humain
Korran Destrier;Noms;Humain
Leofric Flammèche;Noms;Humain
Mavrik Brisetoile;Noms;Humain
Neymar Lagrande;Noms;Humain
Orwin de Braquemare;Noms;Humain
Paviel Tressecendre;Noms;Humain
Quint de Varlen;Noms;Humain
Raimund du Val;Noms;Humain
Seren Coeurdoux;Noms;Humain
Taran Fortilame;Noms;Humain
Ulfred de la Griffe;Noms;Humain
Vaelin Trancheseigle;Noms;Humain
Wendric Hautgarde;Noms;Humain
Yvain du Bosquet;Noms;Humain
Zarek Ombreciel;Noms;Humain
Ansel Tréviaire;Noms;Humain
Baldric de Montclar;Noms;Humain
Caius Ventrouge;Noms;Humain
Desmond Rocheveine;Noms;Humain
Eran des Clairsauts;Noms;Humain
Fenric Lierregrise;Noms;Humain
Gregor Durelande;Noms;Humain
Harren du Marais;Noms;Humain
Ivar Bravemer;Noms;Humain
Joston de Tillebois;Noms;Humain
Kellan Fierbrace;Noms;Humain
Landric Montombre;Noms;Humain
Malric Épineval;Noms;Humain
Nevan de la Forge;Noms;Humain
Osmund Chênebrisé;Noms;Humain
Portan Hauterive;Noms;Humain
Quirin d’Hautfer;Noms;Humain
Randal Coindacier;Noms;Humain
Stellan Lameserein;Noms;Humain
Tobrin de Ronceval;Noms;Humain
Ulmar Griseplaine;Noms;Humain
Varrin Ferterre;Noms;Humain
Weygar du Mont Fendu;Noms;Humain
Ylden Brisegarde;Noms;Humain
Zereth Lourdacier;Noms;Humain
Alrik du Creux;Noms;Humain
Bennar Lancesang;Noms;Humain
Cerdan Chanteval;Noms;Humain
Dasten de la Grange;Noms;Humain
Ewan Doucebrise;Noms;Humain
Fralric de Bellombre;Noms;Humain
Griff du Marécage;Noms;Humain
Heron Haleblanche;Noms;Humain
Isambard Longueil;Noms;Humain
Jorran de Mornève;Noms;Humain
Kedric d’Yssambre;Noms;Humain
Laziel Rochebois;Noms;Humain
Morvan du Tertre;Noms;Humain
Nestor Brumesoleil;Noms;Humain
Odran Bellegriffe;Noms;Humain
Perrand du Bouclier;Noms;Humain
Questor Chêneclair;Noms;Humain
Rufin d’Estramont;Noms;Humain
Sigric Corneval;Noms;Humain
Torvald Gueulefer;Noms;Humain
Uric d’Argelac;Noms;Humain
Vandren Pieddroit;Noms;Humain
Warin Sombroche;Noms;Humain
Ygmir du Fief;Noms;Humain
Zanric Lamefendue;Noms;Humain
Aenira Lamebrume;Noms;Melessës, femme
Baelya des Bois-Clairs;Noms;Melessës, femme
Caelynn Ombreval;Noms;Melessës, femme
Delyra Ventchant;Noms;Melessës, femme
Elira Lysnoire;Noms;Melessës, femme
Faenya Cœur-de-Sève;Noms;Melessës, femme
Gwelinor Haute-Fleur;Noms;Melessës, femme
Helionna Tigevolante;Noms;Melessës, femme
Isilwen Briselande;Noms;Melessës, femme
Jalindra d’Ysambre;Noms;Melessës, femme
Kaeriel de la Fronde;Noms;Melessës, femme
Lunathiel Sombregarde;Noms;Melessës, femme
Maerwyn Nuitbranche;Noms;Melessës, femme
Naelya Flècheboisée;Noms;Melessës, femme
Orelia Voilechêne;Noms;Melessës, femme
Phaeriel Murmurebrise;Noms;Melessës, femme
Quelira Écorcesombre;Noms;Melessës, femme
Rhianna Brume-d'Or;Noms;Melessës, femme
Sylwen Ruissefeuille;Noms;Melessës, femme
Thalindra Ventdouce;Noms;Melessës, femme
Urielle Feuillargent;Noms;Melessës, femme
Vaelya d’Hautelierre;Noms;Melessës, femme
Wynriel Chante-racines;Noms;Melessës, femme
Xelira Lueurduval;Noms;Melessës, femme
Yselda Chantépine;Noms;Melessës, femme
Zaleria Mornelys;Noms;Melessës, femme
Anaria Ombresève;Noms;Melessës, femme
Brisiel Racinevive;Noms;Melessës, femme
Celea Clairétincelle;Noms;Melessës, femme
Daerra Sereincœur;Noms;Melessës, femme
Elarielle de Rosenoire;Noms;Melessës, femme
Feyla Chantelac;Noms;Melessës, femme
Giselia Tisseétoile;Noms;Melessës, femme
Halindra du Val Serein;Noms;Melessës, femme
Illyra Épineclaire;Noms;Melessës, femme
Jaena Lame de Lune;Noms;Melessës, femme
Kyria d’Hautemousse;Noms;Melessës, femme
Liora des Jardins Perdus;Noms;Melessës, femme
Mirenya Tramebois;Noms;Melessës, femme
Nimire Tisonverde;Noms;Melessës, femme
Oralya Glèveracine;Noms;Melessës, femme
Pyrrha Rosécorbeau;Noms;Melessës, femme
Quelith Ombreliane;Noms;Melessës, femme
Rinaria Brisegrâce;Noms;Melessës, femme
Selira de l’Arche-Silencieuse;Noms;Melessës, femme
Talyssa de la Courbe-Vive;Noms;Melessës, femme
Ulwen Plume-de-Lierre;Noms;Melessës, femme
Valindra Montécorces;Noms;Melessës, femme
Wenya de la Brume-Tendre;Noms;Melessës, femme
Xanielle Brumeperle;Noms;Melessës, femme
Ysaria Lame-Nuée;Noms;Melessës, femme
Zinaëlle Boisvelouté;Noms;Melessës, femme
Aerilith Racine-d’Aube;Noms;Melessës, femme
Belira d’Orlebois;Noms;Melessës, femme
Ciryella Fleur-des-Feux;Noms;Melessës, femme
Dhaline Feuillesoie;Noms;Melessës, femme
Elyana Tisonnuit;Noms;Melessës, femme
Fenya Chant-rêve;Noms;Melessës, femme
Galaessa Feuilleblanche;Noms;Melessës, femme
Helyra Larmesylve;Noms;Melessës, femme
Iniriel Chêne-de-Cristal;Noms;Melessës, femme
Jelissa Tisse-Nuit;Noms;Melessës, femme
Kelsa Ruisselet d’Argent;Noms;Melessës, femme
Lioraeth Croiséliane;Noms;Melessës, femme
Myrielle Ténèbrelune;Noms;Melessës, femme
Naessa de la Lisière;Noms;Melessës, femme
Ormila Ventclaire;Noms;Melessës, femme
Phaessia Flammebois;Noms;Melessës, femme
Quiniel Racine-d’Écume;Noms;Melessës, femme
Raenys Ombremarée;Noms;Melessës, femme
Syllen Doucefronde;Noms;Melessës, femme
Tiriel Clairrêve;Noms;Melessës, femme
Ulissara Tige-d’Or;Noms;Melessës, femme
Velanya Lame-de-Brouillard;Noms;Melessës, femme
Wenyssa Fleur-d’Épine;Noms;Melessës, femme
Xirae de la Sève-Rêvée;Noms;Melessës, femme
Ylana Sombre-Pétale;Noms;Melessës, femme
Zerelith du Val-Silence;Noms;Melessës, femme
Ariessia Montagne-Lune;Noms;Melessës, femme
Brenya Feuillevague;Noms;Melessës, femme
Ceralyn Clairéclat;Noms;Melessës, femme
Drysia Dent-de-Fougère;Noms;Melessës, femme
Ellyra Mornesève;Noms;Melessës, femme
Fianna de la Veine-Douce;Noms;Melessës, femme
Glenith Nuage-de-Mousse;Noms;Melessës, femme
Haenra Chantdufer;Noms;Melessës, femme
Isara Vifchêne;Noms;Melessës, femme
Jorana Roncebrise;Noms;Melessës, femme
Keilia des Marais Verts;Noms;Melessës, femme
Lirien d'Écorce-Dorée;Noms;Melessës, femme
Melirë de l’Épine-Creuse;Noms;Melessës, femme
Nelyssa Lame-Feu;Noms;Melessës, femme
Onaria de Sombrefrisson;Noms;Melessës, femme
Parwen Tison-de-Rose;Noms;Melessës, femme
Quenya Fougère-Sereine;Noms;Melessës, femme
Rhisalya Vent-Fleuri;Noms;Melessës, femme
Sienelle de la Voûte-Verte;Noms;Melessës, femme
Thalira Cœur-des-Courants;Noms;Melessës, femme
Ulara Clairbois;Noms;Melessës, femme
Vaeryss Perle-de-Racines;Noms;Melessës, femme
Weyla Lune-de-Fibre;Noms;Melessës, femme
Xelindra Ombre-Vive;Noms;Melessës, femme
Yssira du Feuillier;Noms;Melessës, femme
Zariel Lueursauvage;Noms;Melessës, femme
Aerendel Vaelmar;Noms;Melessës, homme
Belian Forgerêve;Noms;Melessës, homme
Caelen Tisselune;Noms;Melessës, homme
Darian Hautebranche;Noms;Melessës, homme
Elros Montclair;Noms;Melessës, homme
Faelan d’Ysambre;Noms;Melessës, homme
Galren Ombreforge;Noms;Melessës, homme
Halion du Roc-Serein;Noms;Melessës, homme
Ithor Brumeval;Noms;Melessës, homme
Jareth des Saisons;Noms;Melessës, homme
Kaelis Ombretour;Noms;Melessës, homme
Lioran Fendracine;Noms;Melessës, homme
Maeron Lysacier;Noms;Melessës, homme
Noren Feuilledragon;Noms;Melessës, homme
Orwin Chantépine;Noms;Melessës, homme
Phaelan Briselande;Noms;Melessës, homme
Quenar Viféclat;Noms;Melessës, homme
Rhaedon Tigefer;Noms;Melessës, homme
Silanor Murmelune;Noms;Melessës, homme
Tirion Nébuleforge;Noms;Melessës, homme
Ulian Ventcorne;Noms;Melessës, homme
Vaelen Dorneval;Noms;Melessës, homme
Wenrik Clairracine;Noms;Melessës, homme
Xandir Mornelame;Noms;Melessës, homme
Yrian Tisonbois;Noms;Melessës, homme
Zorvan Sombregarde;Noms;Melessës, homme
Aelar Frêneboisé;Noms;Melessës, homme
Brenor Rochelune;Noms;Melessës, homme
Cirdan Feuillargent;Noms;Melessës, homme
Dareth de l’Arc-Noble;Noms;Melessës, homme
Elion Ventboisé;Noms;Melessës, homme
Fendril de Fontebrume;Noms;Melessës, homme
Garric Lamesonge;Noms;Melessës, homme
Herion Fougèrefeu;Noms;Melessës, homme
Isenor Ombrechanvre;Noms;Melessës, homme
Jorin Brinverre;Noms;Melessës, homme
Kallor Chêneclair;Noms;Melessës, homme
Lazien Mielnoir;Noms;Melessës, homme
Myrion de Hautebrume;Noms;Melessës, homme
Nivalen Chantdufer;Noms;Melessës, homme
Oryn Boisobscur;Noms;Melessës, homme
Perren de la Source;Noms;Melessës, homme
Quelar Lysombré;Noms;Melessës, homme
Rowan Sifflevent;Noms;Melessës, homme
Serian d’Écaille-Sève;Noms;Melessës, homme
Talor Morneval;Noms;Melessës, homme
Ulric de Roselande;Noms;Melessës, homme
Valion Ruissebois;Noms;Melessës, homme
Weyric de la Roche-Tendre;Noms;Melessës, homme
Xaranos Lierrefier;Noms;Melessës, homme
Yndel d’Épineclaire;Noms;Melessës, homme
Zevan Douxsoleil;Noms;Melessës, homme
Anarien Ombrequartz;Noms;Melessës, homme
Berethor Briselys;Noms;Melessës, homme
Cedrel Bois-d'Or;Noms;Melessës, homme
Delanir Flambenuit;Noms;Melessës, homme
Erendir Tigeargent;Noms;Melessës, homme
Finrael du Puy-des-Larmes;Noms;Melessës, homme
Galenor Haultrefond;Noms;Melessës, homme
Harnil Frissonduvent;Noms;Melessës, homme
Ilrinor de la Tour-Pâle;Noms;Melessës, homme
Joriel d’Azurval;Noms;Melessës, homme
Kaedros Écorcelune;Noms;Melessës, homme
Lanric Mornétoile;Noms;Melessës, homme
Melior Destrier-Gris;Noms;Melessës, homme
Naelion d’Irlondel;Noms;Melessës, homme
Olmor Chantenoir;Noms;Melessës, homme
Pevrin Clairchêne;Noms;Melessës, homme
Quillian Sereindor;Noms;Melessës, homme
Rholand Flammebois;Noms;Melessës, homme
Saren du Val-Cendré;Noms;Melessës, homme
Thamor Forgebrune;Noms;Melessës, homme
Ulvion Lamefeuille;Noms;Melessës, homme
Veylen Glèvecœur;Noms;Melessës, homme
Wyndar Lueurdombre;Noms;Melessës, homme
Xerian Hivernuit;Noms;Melessës, homme
Yllor des Champs-Oubliés;Noms;Melessës, homme
Zoriel Boisrêve;Noms;Melessës, homme
Aemon Clairébène;Noms;Melessës, homme
Baelor Racinesauvage;Noms;Melessës, homme
Cassian des Feuilles-Grises;Noms;Melessës, homme
Dorion Marche-Sève;Noms;Melessës, homme
Elorion Nuageforgé;Noms;Melessës, homme
Farlan Cœur-Épine;Noms;Melessës, homme
Galanos de Brumesang;Noms;Melessës, homme
Helion des Fleurs-Rêveuses;Noms;Melessës, homme
Iorien Ventchant;Noms;Melessës, homme
Jarnis de la Frondenoire;Noms;Melessës, homme
Korvin Chant-Souffrant;Noms;Melessës, homme
Lazior Dure-Racine;Noms;Melessës, homme
Menion Tison-de-Verre;Noms;Melessës, homme
Norien Brumevolante;Noms;Melessës, homme
Orivar de la Lisière;Noms;Melessës, homme
Pherion Feuillesombre;Noms;Melessës, homme
Quenthar de la Garde-Sereine;Noms;Melessës, homme
Rhavorn Forgefeu;Noms;Melessës, homme
Silaron de l'Éclat-Morne;Noms;Melessës, homme
Tharel Épineaurore;Noms;Melessës, homme
Urian d’Ambrelac;Noms;Melessës, homme
Valior Sombreracine;Noms;Melessës, homme
Wareth du Chant-Caché;Noms;Melessës, homme
Xenior Ombrecime;Noms;Melessës, homme
Yren Briseval;Noms;Melessës, homme
Zemaril du Bois-Tremblant;Noms;Melessës, homme
Agra Sombrefranc;Noms;Merosis, femelle
Brakka Tisonlame;Noms;Merosis, femelle
Corga Gueule-de-Pierre;Noms;Merosis, femelle
Drezza Cœur-Rugueux;Noms;Merosis, femelle
Eshra Ventecendres;Noms;Merosis, femelle
Frasha Poing-de-Feu;Noms;Merosis, femelle
Grima Marche-Fer;Noms;Merosis, femelle
Hozna Croc-d’Épine;Noms;Merosis, femelle
Irgala Ombrebrute;Noms;Merosis, femelle
Jurka Tête-Crâne;Noms;Merosis, femelle
Khalga Griffebois;Noms;Merosis, femelle
Lazra Mornelame;Noms;Merosis, femelle
Morza Sève-Rouge;Noms;Merosis, femelle
Narza Frisson-d’Ombre;Noms;Merosis, femelle
Orsha de la Cendrevive;Noms;Merosis, femelle
Pazna Gueuleclaire;Noms;Merosis, femelle
Quorra Flammesoude;Noms;Merosis, femelle
Rugza Noirelande;Noms;Merosis, femelle
Sharna Frappesilex;Noms;Merosis, femelle
Torka Lame-de-Brume;Noms;Merosis, femelle
Ugra Brise-Tige;Noms;Merosis, femelle
Vorka Gueuleflamme;Noms;Merosis, femelle
Wrezza des Monts-Poings;Noms;Merosis, femelle
Xarnha Peau-de-Silex;Noms;Merosis, femelle
Yazga Ferduvent;Noms;Merosis, femelle
Zulka Fracturâme;Noms;Merosis, femelle
Asha Poignebrune;Noms;Merosis, femelle
Borza Cœur-Roche;Noms;Merosis, femelle
Cazra Épine-Grise;Noms;Merosis, femelle
Dorga Main-des-Terres;Noms;Merosis, femelle
Erza d’Ombrevigne;Noms;Merosis, femelle
Farka Éclat-Sec;Noms;Merosis, femelle
Grozha Hurle-Tonnerre;Noms;Merosis, femelle
Harnza Gueule-Tordue;Noms;Merosis, femelle
Izsha Brise-Feu;Noms;Merosis, femelle
Jarsha de la Gorge-Argile;Noms;Merosis, femelle
Kezha Flamme-Vive;Noms;Merosis, femelle
Lurga Cendresolide;Noms;Merosis, femelle
Mazha Tisse-Rancune;Noms;Merosis, femelle
Nazra Tison-des-Vaux;Noms;Merosis, femelle
Okra d’Ébène-Morne;Noms;Merosis, femelle
Prunza Vent-Hurlant;Noms;Merosis, femelle
Qarsha Brûlecoeur;Noms;Merosis, femelle
Rashga de l’Épine-Verte;Noms;Merosis, femelle
Skorra Bras-Vivant;Noms;Merosis, femelle
Tharza Gueule-Sèche;Noms;Merosis, femelle
Urzha des Chemins-Cassés;Noms;Merosis, femelle
Varnza Rugissement-Clair;Noms;Merosis, femelle
Wulga Serre-de-Nuit;Noms;Merosis, femelle
Xezza Ombre-Feuille;Noms;Merosis, femelle
Yargla Lame-de-Sang;Noms;Merosis, femelle
Zarnha Trame-de-Pierre;Noms;Merosis, femelle
Ansha d’Os-Tanné;Noms;Merosis, femelle
Bagra Hurlefeuille;Noms;Merosis, femelle
Charka Boueflamme;Noms;Merosis, femelle
Draga de la Main-Silencieuse;Noms;Merosis, femelle
Ezna Cendresoie;Noms;Merosis, femelle
Frorza Éclat-Terre;Noms;Merosis, femelle
Garna Poing-de-Ronce;Noms;Merosis, femelle
Hizra Gueule-d’Automne;Noms;Merosis, femelle
Ilga Brume-Tendue;Noms;Merosis, femelle
Joza de la Pente-Rocheuse;Noms;Merosis, femelle
Karza Tisonchant;Noms;Merosis, femelle
Lorzha Main-de-Granit;Noms;Merosis, femelle
Marnza Noirelumière;Noms;Merosis, femelle
Norga Chantegriffe;Noms;Merosis, femelle
Oshka Peau-de-Nuit;Noms;Merosis, femelle
Pryza de la Colère-Rouge;Noms;Merosis, femelle
Qerza Souffle-Desert;Noms;Merosis, femelle
Razha Tremble-sang;Noms;Merosis, femelle
Shargla Rive-Brûlée;Noms;Merosis, femelle
Thozna Gueule-Vagabonde;Noms;Merosis, femelle
Ursha Dent-de-Givre;Noms;Merosis, femelle
Vezza Roncefroide;Noms;Merosis, femelle
Worga Feuillenoire;Noms;Merosis, femelle
Xarza Chant-des-Cendres;Noms;Merosis, femelle
Ylga Ventfendu;Noms;Merosis, femelle
Zerga Poing-de-Lave;Noms;Merosis, femelle
Azgha Cendre-Voilée;Noms;Merosis, femelle
Brinsha Griffe-des-Terres;Noms;Merosis, femelle
Cazhna Gueule-Écorce;Noms;Merosis, femelle
Dorrza Feu-du-Silence;Noms;Merosis, femelle
Ezsha Épine-Rougie;Noms;Merosis, femelle
Fazra Flammes-Fleuries;Noms;Merosis, femelle
Gulna Racinefroide;Noms;Merosis, femelle
Harnza Éclat-du-Pied;Noms;Merosis, femelle
Irsha de la Montagne-Creuse;Noms;Merosis, femelle
Jargha Lame-du-Vent;Noms;Merosis, femelle
Korga Rugissements-Gris;Noms;Merosis, femelle
Lazsha Fracturebois;Noms;Merosis, femelle
Morgna Gueule-de-Fer;Noms;Merosis, femelle
Nirgha Ombrecrocs;Noms;Merosis, femelle
Olza Gorge-Tendue;Noms;Merosis, femelle
Prasha Crâne-du-Matin;Noms;Merosis, femelle
Qulna d’Urganek;Noms;Merosis, femelle
Razhka Cicatrice-d'Écorce;Noms;Merosis, femelle
Surnza Voix-Terreuse;Noms;Merosis, femelle
Torgha Clartécendre;Noms;Merosis, femelle
Ulza Garde-de-Liane;Noms;Merosis, femelle
Varna Brisecouronne;Noms;Merosis, femelle
Wynsha Gueule-d’Aube;Noms;Merosis, femelle
Xagha Chante-Verre;Noms;Merosis, femelle
Yulgha Main-Fermée;Noms;Merosis, femelle
Zilsha d’Épine-Coeur;Noms;Merosis, femelle
Azgorn Brise-Tertre;Noms;Merosis, mâle
Brukkas Poing-de-Pierre;Noms;Merosis, mâle
Cravak Gueule-de-Fer;Noms;Merosis, mâle
Dorran Tison-Sauvage;Noms;Merosis, mâle
Ergash de l’Échine-Brisée;Noms;Merosis, mâle
Farnok Gueulecendre;Noms;Merosis, mâle
Gramar Main-Rude;Noms;Merosis, mâle
Hurgan Sombrefranc;Noms;Merosis, mâle
Irgoth Lame-d'Ébène;Noms;Merosis, mâle
Jorken Sang-de-Roche;Noms;Merosis, mâle
Karnak Brisenoir;Noms;Merosis, mâle
Logar de la Cendre-Froide;Noms;Merosis, mâle
Morgun Frontécarlate;Noms;Merosis, mâle
Norvuk Chante-Cicatrice;Noms;Merosis, mâle
Orgar Fend-le-Fiel;Noms;Merosis, mâle
Paggok Dents-d’Épine;Noms;Merosis, mâle
Quarn Fracasseterre;Noms;Merosis, mâle
Rughal Marteau-Feu;Noms;Merosis, mâle
Sorken Tête-de-Silex;Noms;Merosis, mâle
Tarkosh Peau-Dure;Noms;Merosis, mâle
Urgan de la Fureur-Terreuse;Noms;Merosis, mâle
Varrok Brise-Rivage;Noms;Merosis, mâle
Warkhan Tison-Sanglant;Noms;Merosis, mâle
Xorvak Main-des-Ronces;Noms;Merosis, mâle
Yorgun Rage-Grise;Noms;Merosis, mâle
Zurmak Cœur-Fendu;Noms;Merosis, mâle
Agram Poing-d'Orage;Noms;Merosis, mâle
Brunath Garde-Feu;Noms;Merosis, mâle
Crugor Lame-Rugueuse;Noms;Merosis, mâle
Durmak Souffle-d'Éclat;Noms;Merosis, mâle
Eronak Gueule-Haute;Noms;Merosis, mâle
Frogar Brise-Fer;Noms;Merosis, mâle
Grulok Sombremarche;Noms;Merosis, mâle
Hakar Vif-Crâne;Noms;Merosis, mâle
Ishrak Frappesang;Noms;Merosis, mâle
Jarnuk Éclat-Terre;Noms;Merosis, mâle
Kordak Fléau-des-Roches;Noms;Merosis, mâle
Lurgan Cendregarde;Noms;Merosis, mâle
Marnok Rougenuit;Noms;Merosis, mâle
Narvag Fend-l’Ombre;Noms;Merosis, mâle
Ogharn Gueule-Violente;Noms;Merosis, mâle
Prakar Poing-Scellé;Noms;Merosis, mâle
Quorak Hache-du-Matin;Noms;Merosis, mâle
Rendak Fourchebois;Noms;Merosis, mâle
Snorvuk de l’Œil-Fendu;Noms;Merosis, mâle
Torvak Lame-des-Cavernes;Noms;Merosis, mâle
Urzan Voix-Roche;Noms;Merosis, mâle
Varnash Peau-de-Foudre;Noms;Merosis, mâle
Worgrim d’Os-Cassé;Noms;Merosis, mâle
Xundak Tison-Rugueux;Noms;Merosis, mâle
Yornak Clair-Sang;Noms;Merosis, mâle
Zaghor de l’Épine-Rouge;Noms;Merosis, mâle
Algrun Fils-des-Cendres;Noms;Merosis, mâle
Bogarn Rage-du-Crâne;Noms;Merosis, mâle
Cargosh Vent-Râpeux;Noms;Merosis, mâle
Dragan Marteau-des-Pics;Noms;Merosis, mâle
Egron Sombrepierre;Noms;Merosis, mâle
Farkosh Bras-de-Sang;Noms;Merosis, mâle
Gorvak Chante-Crâne;Noms;Merosis, mâle
Hozgar Lame-du-Buisson;Noms;Merosis, mâle
Izgorn Cœur-de-Boue;Noms;Merosis, mâle
Javrak Sentier-Grondant;Noms;Merosis, mâle
Khurdan de la Gueule-Rouge;Noms;Merosis, mâle
Lokash Griffe-de-Pierre;Noms;Merosis, mâle
Mazrok Flamme-Morne;Noms;Merosis, mâle
Nagrun Brûlebois;Noms;Merosis, mâle
Ordan Gueule-de-Chêne;Noms;Merosis, mâle
Pruvak Os-durci;Noms;Merosis, mâle
Qorash Cri-du-Sol;Noms;Merosis, mâle
Rarvok Cendres-Tournantes;Noms;Merosis, mâle
Skarn Gueule-des-Marais;Noms;Merosis, mâle
Turrak de la Main-Lourde;Noms;Merosis, mâle
Ulmak Vent-des-Gueules;Noms;Merosis, mâle
Varnok Fractureclaire;Noms;Merosis, mâle
Wargun Silex-Noir;Noms;Merosis, mâle
Xarmok Bourreau-Feu;Noms;Merosis, mâle
Yrmak de l’Épine-Morte;Noms;Merosis, mâle
Zurgan Tison-du-Silence;Noms;Merosis, mâle
Ardrak Serre-du-Soir;Noms;Merosis, mâle
Barvash Gueule-de-Cendre;Noms;Merosis, mâle
Crogash Sang-des-Champs;Noms;Merosis, mâle
Drukal Pied-Bleu;Noms;Merosis, mâle
Ezgorn d’Éclat-Rouge;Noms;Merosis, mâle
Frugan Brume-de-Cuir;Noms;Merosis, mâle
Gavrok d’Urganek;Noms;Merosis, mâle
Hurgash Poing-de-Vigne;Noms;Merosis, mâle
Irgak Lame-du-Ventre;Noms;Merosis, mâle
Jarvol Gueule-Ouverte;Noms;Merosis, mâle
Krogath Brise-Ombre;Noms;Merosis, mâle
Lazruk Boue-Claire;Noms;Merosis, mâle
Marnak de l’Écorce-Tendue;Noms;Merosis, mâle
Nugash Oeil-de-Roches;Noms;Merosis, mâle
Olgrun Rugissant-Cœur;Noms;Merosis, mâle
Prunak Lame-Grisâtre;Noms;Merosis, mâle
Qarthak Tisse-Flamme;Noms;Merosis, mâle
Rakosh des Cendres-Vives;Noms;Merosis, mâle
Sargul Bras-du-Brasier;Noms;Merosis, mâle
Tovrak Hache-de-Givre;Noms;Merosis, mâle
Ugarn Ronce-Fulgure;Noms;Merosis, mâle
Varrash d’Ombre-de-Silex;Noms;Merosis, mâle
Worak Terre-Chaude;Noms;Merosis, mâle
Xogarn Gueule-Tranchante;Noms;Merosis, mâle
Yzruk Frisson-de-Cendre;Noms;Merosis, mâle
Zulmak Trame-de-Boue;Noms;Merosis, mâle
Azelia Ombrecendre;Noms;Tieffeline
Baesha Lamedorée;Noms;Tieffeline
Ciryza du Pacte-Brisé;Noms;Tieffeline
Delzira Sang-de-Lune;Noms;Tieffeline
Elaris Queue-de-Charbon;Noms;Tieffeline
Faeris Cœur-de-Cendres;Noms;Tieffeline
Ghazra Voile-d'Épines;Noms;Tieffeline
Helzira de la Flamme-Tranquille;Noms;Tieffeline
Ishaya Gueule-de-Soie;Noms;Tieffeline
Jazmira Mornelave;Noms;Tieffeline
Kalyss Serre-Noire;Noms;Tieffeline
Lyxia Brisepacte;Noms;Tieffeline
Maelis Fuméesombre;Noms;Tieffeline
Naezira Voix-de-Cicatrices;Noms;Tieffeline
Orissa Brasier-d’Ébène;Noms;Tieffeline
Phezira Rictus-Rouge;Noms;Tieffeline
Qyriss Sceau-Fendu;Noms;Tieffeline
Ravira Lueur-du-Néant;Noms;Tieffeline
Sylzeth Flamme-du-Silence;Noms;Tieffeline
Tyshaël d’Encre-Sèche;Noms;Tieffeline
Ulvira Chaleur-du-Sang;Noms;Tieffeline
Vaelyra Tisonchant;Noms;Tieffeline
Wrenza Gueule-d’Obsidienne;Noms;Tieffeline
Xazira Feudoré;Noms;Tieffeline
Yzena Crin-de-Cendre;Noms;Tieffeline
Zeressa Lame-des-Cris;Noms;Tieffeline
Amanis Vent-du-Pacte;Noms;Tieffeline
Brivara Ombreliane;Noms;Tieffeline
Cassira de l'Éclat-Sombre;Noms;Tieffeline
Dahlzira Queue-d'Épine;Noms;Tieffeline
Ezryn Vœu-Muet;Noms;Tieffeline
Firaëlle de l'Abîme;Noms;Tieffeline
Glessa Flamme-Tordue;Noms;Tieffeline
Hizraela Dents-de-Sang;Noms;Tieffeline
Ilzeth Chant-des-Cendres;Noms;Tieffeline
Jornaëlle Cœur-Sec;Noms;Tieffeline
Kairis Hurleflamme;Noms;Tieffeline
Lilveth Braise-de-Soie;Noms;Tieffeline
Morzaé du Souffle-Rouge;Noms;Tieffeline
Nyzira Flèche-Infernale;Noms;Tieffeline
Orlyss Trame-Nocturne;Noms;Tieffeline
Pyria Sombrelace;Noms;Tieffeline
Qellira Malebraise;Noms;Tieffeline
Rhezna Tisse-Serments;Noms;Tieffeline
Sazhra Gueule-du-Silence;Noms;Tieffeline
Tivasha du Sang-Noble;Noms;Tieffeline
Ussira Griffe-de-Cendres;Noms;Tieffeline
Vesra Brume-de-Fiel;Noms;Tieffeline
Wynessa Chaleur-Faussée;Noms;Tieffeline
Xarnissa Flammeseule;Noms;Tieffeline
Ysolka Croc-de-Lumière;Noms;Tieffeline
Zanyra du Pacte-Perdu;Noms;Tieffeline
Ashira Sablebrûlé;Noms;Tieffeline
Belveth Lame-Noire;Noms;Tieffeline
Calzira d’Épine-Rouge;Noms;Tieffeline
Deyla Hurle-Aube;Noms;Tieffeline
Enzeth Chant-de-Glèbe;Noms;Tieffeline
Fiorza Feuille-Cendrée;Noms;Tieffeline
Galyra Main-du-Destin;Noms;Tieffeline
Havessa d’Ombrefeu;Noms;Tieffeline
Iszara Soupir-des-Brumes;Noms;Tieffeline
Jaenya Gueule-Sèche;Noms;Tieffeline
Khavira Peau-Maudite;Noms;Tieffeline
Lazira Tison-des-Flots;Noms;Tieffeline
Melka Chanteflamme;Noms;Tieffeline
Niraya Croc-d’Écarlate;Noms;Tieffeline
Onzera Noctebrune;Noms;Tieffeline
Phalys Gueule-d’Étoile;Noms;Tieffeline
Qivara Sceau-Sans-Larme;Noms;Tieffeline
Ravessa Gueule-d’Épine;Noms;Tieffeline
Syriss du Brasier-Creux;Noms;Tieffeline
Thalza Veine-Cramée;Noms;Tieffeline
Urriza Gueule-Lié;Noms;Tieffeline
Vaella Rose-de-Braises;Noms;Tieffeline
Wenzara Frisson-Rouge;Noms;Tieffeline
Xynara Ombres-Tissées;Noms;Tieffeline
Yllessa Chaleur-Perdue;Noms;Tieffeline
Zalveth Sautefumée;Noms;Tieffeline
Amnezia de la Voix-Cassée;Noms;Tieffeline
Brasha Lame-Scellée;Noms;Tieffeline
Ciryelle Nuit-Chaude;Noms;Tieffeline
Dravessa Chant-du-Crâne;Noms;Tieffeline
Eszari Lame-Fleurie;Noms;Tieffeline
Felyra d’Encre-Froide;Noms;Tieffeline
Gylzara Marche-Fiel;Noms;Tieffeline
Hessira des Cendres-Tendres;Noms;Tieffeline
Irshara Gueule-d’Émeraude;Noms;Tieffeline
Jalveth Lame-de-Minuit;Noms;Tieffeline
Karnissa Queue-d’Encre;Noms;Tieffeline
Liorza Tison-de-Roc;Noms;Tieffeline
Mirzhaya Ombre-Violette;Noms;Tieffeline
Nersha Lueur-d’Âme;Noms;Tieffeline
Orrisha Griffeduvol;Noms;Tieffeline
Pazira Hurlenoir;Noms;Tieffeline
Quelza du Pacte-Doux;Noms;Tieffeline
Rhezira Souffreflamme;Noms;Tieffeline
Saryna de la Mornedélice;Noms;Tieffeline
Tazzira Cœur-Tourment;Noms;Tieffeline
Uleth Veuve-du-Silence;Noms;Tieffeline
Varyssa Tisseflamme;Noms;Tieffeline
Wira d’Épine-Chaude;Noms;Tieffeline
Xazara Sombrelave;Noms;Tieffeline
Yliria Perle-des-Cendres;Noms;Tieffeline
Zevra Souillenoir;Noms;Tieffeline
Azelar d’Ombresang;Noms;Tieffelin
Baelrik Cœur-Cendré;Noms;Tieffelin
Caziel Marchebraise;Noms;Tieffelin
Drazan d’Écaille-Rouge;Noms;Tieffelin
Ezekhar Flambenoir;Noms;Tieffelin
Faustis du Pacte-Tordu;Noms;Tieffelin
Garethiel Flammevive;Noms;Tieffelin
Hazan Lame-de-Cendres;Noms;Tieffelin
Ishkar d’Obscur-Vœu;Noms;Tieffelin
Jazrael Peau-de-Charbon;Noms;Tieffelin
Kairon Voile-Fumant;Noms;Tieffelin
Lazrak Ombremarque;Noms;Tieffelin
Malzior d’Argile-Sanglante;Noms;Tieffelin
Nerethis Sans-Pardon;Noms;Tieffelin
Orzian Brûle-Vœux;Noms;Tieffelin
Phaeron Lueur-Faussée;Noms;Tieffelin
Qezhar Trame-Infernale;Noms;Tieffelin
Rhazgar des Cendres-Renouées;Noms;Tieffelin
Sarzek d’Épines-Rouges;Noms;Tieffelin
Tzakar Gueule-de-Fiel;Noms;Tieffelin
Urveth Brisepacte;Noms;Tieffelin
Vaezar Chant-Maudit;Noms;Tieffelin
Worzek Sanglune;Noms;Tieffelin
Xanthis Forge-Chaîne;Noms;Tieffelin
Yarion Vœu-Renversé;Noms;Tieffelin
Zerak Flammecœur;Noms;Tieffelin
Amoniel Chanteflamme;Noms;Tieffelin
Barzeth Vent-des-Tourments;Noms;Tieffelin
Calzior des Larmes-Noires;Noms;Tieffelin
Daeziel Griffe-du-Jugement;Noms;Tieffelin
Eshkor Regard-Fendu;Noms;Tieffelin
Fazhan Lame-Fielleuse;Noms;Tieffelin
Goriel Voix-du-Néant;Noms;Tieffelin
Harkon Mornelave;Noms;Tieffelin
Izzekar Rictus-Rouge;Noms;Tieffelin
Jorveth Dard-d’Ombre;Noms;Tieffelin
Khezian du Sceau-Rompu;Noms;Tieffelin
Lorzak Gueule-de-Nuit;Noms;Tieffelin
Maezar Cri-des-Silences;Noms;Tieffelin
Nyveth d’Éclat-Brisé;Noms;Tieffelin
Orionis Brasier-Froid;Noms;Tieffelin
Pyrrak Tison-de-Vérité;Noms;Tieffelin
Quelzar Sang-d’Héritage;Noms;Tieffelin
Rhovan Torselune;Noms;Tieffelin
Shaekhor Fiellumé;Noms;Tieffelin
Therzak du Pacte-Muet;Noms;Tieffelin
Ulzar Siffle-Glèbe;Noms;Tieffelin
Varion d’Épine-Vive;Noms;Tieffelin
Wrethas Chant-des-Rancunes;Noms;Tieffelin
Xerathos Croc-d’Encre;Noms;Tieffelin
Yezhar d’Abîme-Rouge;Noms;Tieffelin
Zerion Queue-de-Scories;Noms;Tieffelin
Alhazor Bras-Scellé;Noms;Tieffelin
Brenzek Dents-d’Obsidienne;Noms;Tieffelin
Cyrios Lame-de-Minuit;Noms;Tieffelin
Darnak Gueule-Enchaînée;Noms;Tieffelin
Erzion Vœu-de-Foudre;Noms;Tieffelin
Felrik Marche-Souffre;Noms;Tieffelin
Ghalzar Voile-de-Sang;Noms;Tieffelin
Hesthor Brise-Crâne;Noms;Tieffelin
Izanor Souffle-du-Mensonge;Noms;Tieffelin
Jaevan Crâne-Cendré;Noms;Tieffelin
Karnis Gueule-de-Vérité;Noms;Tieffelin
Lazirion Sans-Race;Noms;Tieffelin
Mordrek d’Éclat-Corrompu;Noms;Tieffelin
Nizrak Sang-du-Crâne;Noms;Tieffelin
Orvek d’Écailles-Sombres;Noms;Tieffelin
Pharion Fumécœur;Noms;Tieffelin
Qurvek Traîne-Feu;Noms;Tieffelin
Rhaziel des Sables-Rouges;Noms;Tieffelin
Sarnok Pleur-de-Flamme;Noms;Tieffelin
Thavon Brisevolonté;Noms;Tieffelin
Urokh du Marteau-Tordu;Noms;Tieffelin
Vezrak Nuitsilencieuse;Noms;Tieffelin
Wazriel Feudoré;Noms;Tieffelin
Xalveth Hurlenoir;Noms;Tieffelin
Ylzak Forge-d’Enfer;Noms;Tieffelin
Zuvath Crameflamme;Noms;Tieffelin
Arvek Gueule-de-Silence;Noms;Tieffelin
Baerion Ombreduelle;Noms;Tieffelin
Cazrak Peauxombre;Noms;Tieffelin
Drakor Cendregarde;Noms;Tieffelin
Ezhekham Vif-Pacte;Noms;Tieffelin
Fiorzak Serre-des-Lunes;Noms;Tieffelin
Gravon de l’Œil-Brasier;Noms;Tieffelin
Hirion d’Ashkaroth;Noms;Tieffelin
Iskarin Marche-Nuit;Noms;Tieffelin
Jarvek du Souffle-Ténébreux;Noms;Tieffelin
Korvath Chaineflamme;Noms;Tieffelin
Liorzak Sang-Morne;Noms;Tieffelin
Maezrik Traîne-Cendres;Noms;Tieffelin
Narthor Noirelépine;Noms;Tieffelin
Ozkhar du Cri-Sournois;Noms;Tieffelin
Pyrion Mainsbrûlées;Noms;Tieffelin
Qorval Poigne-de-Cendre;Noms;Tieffelin
Rhazrek du Sceau-Fauché;Noms;Tieffelin
Sethorion Croc-du-Pardon;Noms;Tieffelin
Tarnak du Néant-Scellé;Noms;Tieffelin
Uzikar Cendres-Errantes;Noms;Tieffelin
Velzak Main-de-Glèbe;Noms;Tieffelin
Wyrzek Langue-de-Fiel;Noms;Tieffelin
Xardel Tranchefer;Noms;Tieffelin
Yhorin d’Obscur-Reflet;Noms;Tieffelin
Zavrek Gueule-du-Déchu;Noms;Tieffelin
Bargrin;Villages;Dvaergen
Tharnok;Villages;Dvaergen
Kuldar;Villages;Dvaergen
Durvin;Villages;Dvaergen
Morgrond;Villages;Dvaergen
Bramdur;Villages;Dvaergen
Zanrak;Villages;Dvaergen
Kragul;Villages;Dvaergen
Drommin;Villages;Dvaergen
Grulmar;Villages;Dvaergen
Ulmorn;Villages;Dvaergen
Kazrak;Villages;Dvaergen
Thuldor;Villages;Dvaergen
Borinak;Villages;Dvaergen
Drunhelm;Villages;Dvaergen
Orrvak;Villages;Dvaergen
Farnok;Villages;Dvaergen
Ragrun;Villages;Dvaergen
Varnak;Villages;Dvaergen
Golgrin;Villages;Dvaergen
Karzum;Villages;Dvaergen
Torvak;Villages;Dvaergen
Zuldrek;Villages;Dvaergen
Brumril;Villages;Dvaergen
Marnak;Villages;Dvaergen
Dolgar;Villages;Dvaergen
Kragrum;Villages;Dvaergen
Thrumlin;Villages;Dvaergen
Darnok;Villages;Dvaergen
Ulgarn;Villages;Dvaergen
Zargrim;Villages;Dvaergen
Broldak;Villages;Dvaergen
Khurnek;Villages;Dvaergen
Grolbin;Villages;Dvaergen
Ormgar;Villages;Dvaergen
Naldrak;Villages;Dvaergen
Thalmin;Villages;Dvaergen
Kundrak;Villages;Dvaergen
Vargund;Villages;Dvaergen
Drogvir;Villages;Dvaergen
Farnil;Villages;Dvaergen
Gundrak;Villages;Dvaergen
Kharrol;Villages;Dvaergen
Buzgarn;Villages;Dvaergen
Tharlin;Villages;Dvaergen
Dumgar;Villages;Dvaergen
Orrund;Villages;Dvaergen
Garmek;Villages;Dvaergen
Hurgin;Villages;Dvaergen
Muldren;Villages;Dvaergen
Khodral;Villages;Dvaergen
Nurgrek;Villages;Dvaergen
Drakham;Villages;Dvaergen
Tolgrim;Villages;Dvaergen
Kuldrek;Villages;Dvaergen
Granrim;Villages;Dvaergen
Thornak;Villages;Dvaergen
Rundar;Villages;Dvaergen
Zurnak;Villages;Dvaergen
Balgrin;Villages;Dvaergen
Korzund;Villages;Dvaergen
Ulmur;Villages;Dvaergen
Varkrin;Villages;Dvaergen
Norgril;Villages;Dvaergen
Durkhal;Villages;Dvaergen
Thromar;Villages;Dvaergen
Galdrek;Villages;Dvaergen
Ormril;Villages;Dvaergen
Kurgaz;Villages;Dvaergen
Braldin;Villages;Dvaergen
Grunek;Villages;Dvaergen
Fozrak;Villages;Dvaergen
Khuldin;Villages;Dvaergen
Drogvek;Villages;Dvaergen
Thurnak;Villages;Dvaergen
Zolbrin;Villages;Dvaergen
Brennak;Villages;Dvaergen
Khadram;Villages;Dvaergen
Dwalrik;Villages;Dvaergen
Molgrim;Villages;Dvaergen
Rorvik;Villages;Dvaergen
Zalkur;Villages;Dvaergen
Gromdir;Villages;Dvaergen
Norkal;Villages;Dvaergen
Thurnir;Villages;Dvaergen
Kargrim;Villages;Dvaergen
Dunrak;Villages;Dvaergen
Torgrin;Villages;Dvaergen
Orrvak;Villages;Dvaergen
Krundal;Villages;Dvaergen
Guldrek;Villages;Dvaergen
Marnil;Villages;Dvaergen
Ulgrum;Villages;Dvaergen
Darzok;Villages;Dvaergen
Tholrim;Villages;Dvaergen
Barzul;Villages;Dvaergen
Kernak;Villages;Dvaergen
Drondar;Villages;Dvaergen
Broril;Villages;Dvaergen
Aelwynn;Villages;Elfe
Briselune;Villages;Elfe
Clairbrindille;Villages;Elfe
Dorënel;Villages;Elfe
Écorval;Villages;Elfe
Feuillargent;Villages;Elfe
Galadrel;Villages;Elfe
Hautebrume;Villages;Elfe
Irilis;Villages;Elfe
Jorandel;Villages;Elfe
Kaelwyn;Villages;Elfe
Lunefroide;Villages;Elfe
Mornelac;Villages;Elfe
Naelora;Villages;Elfe
Ossilith;Villages;Elfe
Perlebois;Villages;Elfe
Quelthalas;Villages;Elfe
Ruisselet;Villages;Elfe
Sylrien;Villages;Elfe
Thalanor;Villages;Elfe
Ulwën;Villages;Elfe
Vaelori;Villages;Elfe
Wynriviel;Villages;Elfe
Xanthalor;Villages;Elfe
Ysilande;Villages;Elfe
Zerithil;Villages;Elfe
Aerendel;Villages;Elfe
Brumeplaine;Villages;Elfe
Cendrefeuille;Villages;Elfe
Dalanor;Villages;Elfe
Élanora;Villages;Elfe
Frondombre;Villages;Elfe
Galasrinion;Villages;Elfe
Halmebise;Villages;Elfe
Ilvereth;Villages;Elfe
Jusseraine;Villages;Elfe
Kyrrenor;Villages;Elfe
Lacclair;Villages;Elfe
Millebrume;Villages;Elfe
Norlareth;Villages;Elfe
Orphilun;Villages;Elfe
Pétalombre;Villages;Elfe
Quelenis;Villages;Elfe
Rochesonge;Villages;Elfe
Serelindë;Villages;Elfe
Tisaneclaire;Villages;Elfe
Ulthareth;Villages;Elfe
Verdelieu;Villages;Elfe
Wyndelorn;Villages;Elfe
Xalithien;Villages;Elfe
Ysoriel;Villages;Elfe
Zelwin;Villages;Elfe
Ambreracine;Villages;Elfe
Baiedorée;Villages;Elfe
Caelondil;Villages;Elfe
Drelëa;Villages;Elfe
Émeronde;Villages;Elfe
Feylune;Villages;Elfe
Glenvareth;Villages;Elfe
Harmonia;Villages;Elfe
Ivrine;Villages;Elfe
Jalorien;Villages;Elfe
Kendoleth;Villages;Elfe
Luriel;Villages;Elfe
Marcellande;Villages;Elfe
Ninoracine;Villages;Elfe
Olyndel;Villages;Elfe
Primechêne;Villages;Elfe
Quinlara;Villages;Elfe
Riveclaire;Villages;Elfe
Silmarin;Villages;Elfe
Trillelune;Villages;Elfe
Uryandel;Villages;Elfe
Valessë;Villages;Elfe
Wyllenor;Villages;Elfe
Xarnelle;Villages;Elfe
Ylwin;Villages;Elfe
Zerfaleth;Villages;Elfe
Aubéronce;Villages;Elfe
Biseval;Villages;Elfe
Courbefeuille;Villages;Elfe
Douxreflet;Villages;Elfe
Épineclaire;Villages;Elfe
Frondeterre;Villages;Elfe
Gracelune;Villages;Elfe
Helelinor;Villages;Elfe
Isillia;Villages;Elfe
Jonquiviel;Villages;Elfe
Kralorien;Villages;Elfe
Laureline;Villages;Elfe
Miellebrise;Villages;Elfe
Nairessë;Villages;Elfe
Ostellune;Villages;Elfe
Paixval;Villages;Elfe
Rayonbois;Villages;Elfe
Solmareth;Villages;Elfe
Tiarond;Villages;Elfe
Unérel;Villages;Elfe
Vignessë;Villages;Elfe
Aubemont;Villages;Humain
Bourg-Mesnil;Villages;Humain
Champbois;Villages;Humain
Dorneval;Villages;Humain
Épineux;Villages;Humain
Fayemare;Villages;Humain
Gris-Roc;Villages;Humain
Hautecroix;Villages;Humain
Iselune;Villages;Humain
Javerdon;Villages;Humain
Kerbrume;Villages;Humain
Lac-Brumeux;Villages;Humain
Mornac;Villages;Humain
Noircour;Villages;Humain
Orvalon;Villages;Humain
Pont-Perdu;Villages;Humain
Querelin;Villages;Humain
Rocheplate;Villages;Humain
Saint-Orven;Villages;Humain
Tillebrume;Villages;Humain
Uverlac;Villages;Humain
Valécume;Villages;Humain
Windreuil;Villages;Humain
Xavermont;Villages;Humain
Yserain;Villages;Humain
Zelac;Villages;Humain
Arbrelong;Villages;Humain
Baillargues;Villages;Humain
Clairfond;Villages;Humain
Delvaux;Villages;Humain
Estelune;Villages;Humain
Fougèreux;Villages;Humain
Garnelieu;Villages;Humain
Hauterive;Villages;Humain
Ivelac;Villages;Humain
Jarnoux;Villages;Humain
Kerdelac;Villages;Humain
Lavandin;Villages;Humain
Montreux;Villages;Humain
Nerbois;Villages;Humain
Ostelac;Villages;Humain
Pailleneuve;Villages;Humain
Quenoy;Villages;Humain
Roselune;Villages;Humain
Sougrelac;Villages;Humain
Trévenac;Villages;Humain
Ussonval;Villages;Humain
Vaubourge;Villages;Humain
Wierrebois;Villages;Humain
Xarcé;Villages;Humain
Yronde;Villages;Humain
Zannac;Villages;Humain
Alberrac;Villages;Humain
Bromelac;Villages;Humain
Craindorge;Villages;Humain
Dravencourt;Villages;Humain
Écarlune;Villages;Humain
Frênemor;Villages;Humain
Graville;Villages;Humain
Herbinval;Villages;Humain
Isbourg;Villages;Humain
Juilly;Villages;Humain
Kermorvan;Villages;Humain
Laroche-sur-Vent;Villages;Humain
Marcilac;Villages;Humain
Nérouze;Villages;Humain
Ostebois;Villages;Humain
Pavrennes;Villages;Humain
Querival;Villages;Humain
Rimelune;Villages;Humain
Serreglace;Villages;Humain
Trefontaine;Villages;Humain
Ubelac;Villages;Humain
Verdombre;Villages;Humain
Waldemont;Villages;Humain
Xarnac;Villages;Humain
Yssouville;Villages;Humain
Zerdal;Villages;Humain
Anseval;Villages;Humain
Beaurive;Villages;Humain
Châtenay;Villages;Humain
Douxval;Villages;Humain
Épinebrise;Villages;Humain
Font-Etoupe;Villages;Humain
Gaillardon;Villages;Humain
Hivrelin;Villages;Humain
Insecourt;Villages;Humain
Jarnelieu;Villages;Humain
Kernosse;Villages;Humain
Lourcelles;Villages;Humain
Mirechat;Villages;Humain
Nouvelorgue;Villages;Humain
Orsinay;Villages;Humain
Perronval;Villages;Humain
Quintefeuille;Villages;Humain
Ranchard;Villages;Humain
Saint-Maurie;Villages;Humain
Tourelles;Villages;Humain
Ublecourt;Villages;Humain
Vaudrezac;Villages;Humain
Baraz-Dûm;Villes;Dvaergen
Thargrin;Villes;Dvaergen
Krag-Dor;Villes;Dvaergen
Morndrak;Villes;Dvaergen
Durharn;Villes;Dvaergen
Khazdural;Villes;Dvaergen
Brog-Kar;Villes;Dvaergen
Grunhild;Villes;Dvaergen
Thrak-Azun;Villes;Dvaergen
Zarn-Khuld;Villes;Dvaergen
Dromgarde;Villes;Dvaergen
Kuldurak;Villes;Dvaergen
Branbarr;Villes;Dvaergen
Thundram;Villes;Dvaergen
Kar-Morak;Villes;Dvaergen
Orzgrin;Villes;Dvaergen
Marn-Del;Villes;Dvaergen
Dor-Khazek;Villes;Dvaergen
Zorgrim;Villes;Dvaergen
Balzundar;Villes;Dvaergen
Krulmorn;Villes;Dvaergen
Gron-Dral;Villes;Dvaergen
Durkendal;Villes;Dvaergen
Thalorim;Villes;Dvaergen
Borgrak;Villes;Dvaergen
Kharzag;Villes;Dvaergen
Uldramar;Villes;Dvaergen
Kragvorn;Villes;Dvaergen
Thôrn-Kal;Villes;Dvaergen
Zuldrek;Villes;Dvaergen
Duz-Khazûn;Villes;Dvaergen
Torvak-An;Villes;Dvaergen
Malgrum;Villes;Dvaergen
Kald-Ruhm;Villes;Dvaergen
Farnak-Dur;Villes;Dvaergen
Gralharn;Villes;Dvaergen
Ordek-Thum;Villes;Dvaergen
Drak-Azhar;Villes;Dvaergen
Thar-Mirun;Villes;Dvaergen
Bronzekar;Villes;Dvaergen
Zulgarod;Villes;Dvaergen
Harn-Khuldur;Villes;Dvaergen
Bar-Dûrok;Villes;Dvaergen
Kramlor;Villes;Dvaergen
Undorak;Villes;Dvaergen
Thuldûn;Villes;Dvaergen
Bromgund;Villes;Dvaergen
Korr-Hal;Villes;Dvaergen
Garnuldrim;Villes;Dvaergen
Thûrgad;Villes;Dvaergen
Zan-Kolmir;Villes;Dvaergen
Grolharn;Villes;Dvaergen
Karaz-Vorn;Villes;Dvaergen
Zolgrak;Villes;Dvaergen
Durlgrim;Villes;Dvaergen
Thrimbor;Villes;Dvaergen
Bhar-Khazal;Villes;Dvaergen
Grumnar;Villes;Dvaergen
Zuldûn;Villes;Dvaergen
Threk-Marn;Villes;Dvaergen
Doruk-Han;Villes;Dvaergen
Skarrul;Villes;Dvaergen
Gundar-Drom;Villes;Dvaergen
Thundrûl;Villes;Dvaergen
Krulmarr;Villes;Dvaergen
Drakk-Urn;Villes;Dvaergen
Mazgarn;Villes;Dvaergen
Uldrak-Thar;Villes;Dvaergen
Kharnûl;Villes;Dvaergen
Galdûm;Villes;Dvaergen
Moraz-Khul;Villes;Dvaergen
Dur-Kalgrom;Villes;Dvaergen
Bruzthak;Villes;Dvaergen
Zun-Hammer;Villes;Dvaergen
Thurnûm;Villes;Dvaergen
Kramgorn;Villes;Dvaergen
Zurg-Marn;Villes;Dvaergen
Brak-Dhur;Villes;Dvaergen
Guldrek;Villes;Dvaergen
Nargrom-Dan;Villes;Dvaergen
Kazdur-Karn;Villes;Dvaergen
Buldurak;Villes;Dvaergen
Torgaz-Helm;Villes;Dvaergen
Zardok;Villes;Dvaergen
Thrag-Kaldun;Villes;Dvaergen
Urr-Varnak;Villes;Dvaergen
Khodrak;Villes;Dvaergen
Dûn-Mirak;Villes;Dvaergen
Frondal-Khaz;Villes;Dvaergen
Tholbrak;Villes;Dvaergen
Kroznar;Villes;Dvaergen
Zor-Durak;Villes;Dvaergen
Barumgar;Villes;Dvaergen
Kûrn-Dhal;Villes;Dvaergen
Darn-Khuz;Villes;Dvaergen
Grombal;Villes;Dvaergen
Taz-Kuldir;Villes;Dvaergen
Morthûm;Villes;Dvaergen
Grolmar-Dûn;Villes;Dvaergen
Aerendyll;Villes;Elfe
Belanoréa;Villes;Elfe
Celethien;Villes;Elfe
Daelwyn;Villes;Elfe
Elarion;Villes;Elfe
Faelora;Villes;Elfe
Galas'thalor;Villes;Elfe
Helynor;Villes;Elfe
Iriandel;Villes;Elfe
Jhaerondel;Villes;Elfe
Kaelyra;Villes;Elfe
Lunareth;Villes;Elfe
Mythalas;Villes;Elfe
Naelrith;Villes;Elfe
Oloren;Villes;Elfe
Phaerilune;Villes;Elfe
Quelvarin;Villes;Elfe
Rhiandor;Villes;Elfe
Sylmoriel;Villes;Elfe
Thalanis;Villes;Elfe
Ulvarya;Villes;Elfe
Vael'thalas;Villes;Elfe
Wynrelor;Villes;Elfe
Xariel;Villes;Elfe
Ysilwen;Villes;Elfe
Zaranduil;Villes;Elfe
Alenion;Villes;Elfe
Briseldar;Villes;Elfe
Cirythil;Villes;Elfe
Delwenya;Villes;Elfe
Eilistra;Villes;Elfe
Feloriel;Villes;Elfe
Galanthir;Villes;Elfe
Harethien;Villes;Elfe
Isiriel;Villes;Elfe
Jalondar;Villes;Elfe
Kyranwyn;Villes;Elfe
Lirael;Villes;Elfe
Miravael;Villes;Elfe
Nimrodel;Villes;Elfe
Orindell;Villes;Elfe
Perethal;Villes;Elfe
Quelina;Villes;Elfe
Ravelynd;Villes;Elfe
Silmyra;Villes;Elfe
Thirindor;Villes;Elfe
Umelwen;Villes;Elfe
Vanyanor;Villes;Elfe
Wynnorien;Villes;Elfe
Xelathien;Villes;Elfe
Yllindra;Villes;Elfe
Zynara;Villes;Elfe
Aelrion;Villes;Elfe
Baerelune;Villes;Elfe
Calenthiel;Villes;Elfe
Drelmoril;Villes;Elfe
Elarina;Villes;Elfe
Firaelys;Villes;Elfe
Gaelira;Villes;Elfe
Hyliviel;Villes;Elfe
Ivenara;Villes;Elfe
Jandorel;Villes;Elfe
Kaerithiel;Villes;Elfe
Luthandor;Villes;Elfe
Melwaenya;Villes;Elfe
Nivenal;Villes;Elfe
Othariel;Villes;Elfe
Pharandor;Villes;Elfe
Quenilith;Villes;Elfe
Raevaniel;Villes;Elfe
Saelindor;Villes;Elfe
Thalendil;Villes;Elfe
Uriwyn;Villes;Elfe
Vaenelune;Villes;Elfe
Wynselar;Villes;Elfe
Xyrandil;Villes;Elfe
Yssalyn;Villes;Elfe
Zorelune;Villes;Elfe
Ariandel;Villes;Elfe
Branorael;Villes;Elfe
Calaenil;Villes;Elfe
Daerviriel;Villes;Elfe
Elunthil;Villes;Elfe
Faenya;Villes;Elfe
Girelith;Villes;Elfe
Halerys;Villes;Elfe
Irwandel;Villes;Elfe
Jhaselith;Villes;Elfe
Kirael;Villes;Elfe
Liraenya;Villes;Elfe
Morithil;Villes;Elfe
Nymeralis;Villes;Elfe
Olweneth;Villes;Elfe
Phaelaris;Villes;Elfe
Quelondor;Villes;Elfe
Rinalwen;Villes;Elfe
Soryandel;Villes;Elfe
Tirielis;Villes;Elfe
Ulariel;Villes;Elfe
Aubebrune;Villes;Humaine
Belroc;Villes;Humaine
Caillargent;Villes;Humaine
Dorval;Villes;Humaine
Ecorchemont;Villes;Humaine
Florebois;Villes;Humaine
Grissoleil;Villes;Humaine
Hauteforge;Villes;Humaine
Isenbourg;Villes;Humaine
Jarnac-le-Vieux;Villes;Humaine
Kerval;Villes;Humaine
Lointeterre;Villes;Humaine
Montjurel;Villes;Humaine
Nébronne;Villes;Humaine
Ostelune;Villes;Humaine
Perchevent;Villes;Humaine
Quenillan;Villes;Humaine
Rocombre;Villes;Humaine
Sylverac;Villes;Humaine
Tillebourd;Villes;Humaine
Urvalet;Villes;Humaine
Valmorant;Villes;Humaine
Windreux;Villes;Humaine
Xantreuil;Villes;Humaine
Yserac;Villes;Humaine
Zorheim;Villes;Humaine
Argelac;Villes;Humaine
Brisemarche;Villes;Humaine
Cendreval;Villes;Humaine
Dravemont;Villes;Humaine
Esclaron;Villes;Humaine
Fendegarde;Villes;Humaine
Garlonne;Villes;Humaine
Hurepierre;Villes;Humaine
Ivrault;Villes;Humaine
Jaunebrume;Villes;Humaine
Kerdrac;Villes;Humaine
La Veillegrange;Villes;Humaine
Mornesève;Villes;Humaine
Néressan;Villes;Humaine
Obrenac;Villes;Humaine
Pontedrave;Villes;Humaine
Querane;Villes;Humaine
Rocnoir;Villes;Humaine
Seracine;Villes;Humaine
Trancheville;Villes;Humaine
Urbois;Villes;Humaine
Vauxperrin;Villes;Humaine
Weylance;Villes;Humaine
Xeldorn;Villes;Humaine
Yronval;Villes;Humaine
Averac;Villes;Humaine
Boisdoré;Villes;Humaine
Champclair;Villes;Humaine
Delberac;Villes;Humaine
Etrangeval;Villes;Humaine
Froidecime;Villes;Humaine
Grainvaux;Villes;Humaine
Hautemire;Villes;Humaine
Iverlac;Villes;Humaine
Jouvence;Villes;Humaine
Kramont;Villes;Humaine
Langecorne;Villes;Humaine
Montbrume;Villes;Humaine
Norfal;Villes;Humaine
Orvand;Villes;Humaine
Pellenoire;Villes;Humaine
Querzac;Villes;Humaine
Rougeval;Villes;Humaine
Saultépine;Villes;Humaine
Tarnesec;Villes;Humaine
Uzenay;Villes;Humaine
Verracine;Villes;Humaine
Wyrmont;Villes;Humaine
Xirnac;Villes;Humaine
Yralonde;Villes;Humaine
Zerlan;Villes;Humaine
Arenac;Villes;Humaine
Baudrecourt;Villes;Humaine
Calvane;Villes;Humaine
Dulneuve;Villes;Humaine
Estagar;Villes;Humaine
Fortrèche;Villes;Humaine
Givrechêne;Villes;Humaine
Houbelac;Villes;Humaine
Inversol;Villes;Humaine
Jarnolac;Villes;Humaine
Krallogne;Villes;Humaine
Lunecourbe;Villes;Humaine
Marchombre;Villes;Humaine
Nerplain;Villes;Humaine
Ostalac;Villes;Humaine
Penvalet;Villes;Humaine
Quervin;Villes;Humaine
Rivelune;Villes;Humaine
Sombrepierre;Villes;Humaine
Terrangue;Villes;Humaine
Ulricourt;Villes;Humaine
Vilambre;Villes;Humaine
Warenne;Villes;Humaine
Xarnève;Villes;Humaine
Yroval;Villes;Humaine
Zenthor;Villes;Humaine
